id,transcript,intent,service_type,urgency_level
0,i need a plumber at home,request_service,plumber,low
1,my water pipe is leaking,report_issue,plumber,medium
2,the kitchen sink is blocked,report_issue,plumber,medium
3,there is water leak in the bathroom,report_issue,plumber,medium
4,the tap is not working properly,report_issue,plumber,low
5,i need someone to fix a broke pipe,request_service,plumber,medium
6,water is not flowing in the bathroom,report_issue,plumber,low
7,my water line is damaged,report_issue,plumber,medium
8,the toilet is clogged,report_issue,plumber,medium
9,i need emergency plumbing help,request_service,plumber,high
10,i need a plumber at home immediately,request_service,plumber,high
11,"my water line is damaged, i need to fix it immediately",request_service,plumber,high
12,the toilet is clogged. need to fix it as soon as possible,report_issue,plumber,high
13,a water pipe at home has burst. i need to get it fixed quickly.,request_service,plumber,high
14,please connect me with a plumber as soon as possible.,report_issue,plumber,high
15,a pipe in my bathroom is blocked. i need to get it fixed right away. i need a plumber as soon as possible.,request_service,plumber,high
16,please connect me with a water technician as soon as possible.,report_issue,plumber,high
17,my water tank has become dirty. please connect me with a water technician quickly.,report_issue,plumber,high
18,water technician is needed ,report_issue,plumber,low
19,water technician is needed imediatly ,report_issue,plumber,high
20,i need a plumber to repair a leaking tap,request_service,plumber,medium
21,please send a plumber to my house,request_service,plumber,medium
22,my bathroom tap is leaking,report_issue,plumber,medium
23,the kitchen tap keeps dripping,report_issue,plumber,low
24,there is a leak under my kitchen sink,report_issue,plumber,medium
25,water is leaking from the ceiling,report_issue,plumber,high
26,my water tank is overflowing,report_issue,plumber,high
27,the water pipe outside my house is leaking,report_issue,plumber,medium
28,the shower is not working,report_issue,plumber,low
29,my shower has stopped working suddenly,report_issue,plumber,medium
30,the bathroom drain is blocked,report_issue,plumber,medium
31,water is backing up from the drain,report_issue,plumber,high
32,my sink won't drain,report_issue,plumber,medium
33,the toilet keeps overflowing,report_issue,plumber,high
34,the flush is not working,report_issue,plumber,medium
35,the toilet is leaking from the bottom,report_issue,plumber,high
36,there is no water coming from the tap,report_issue,plumber,medium
37,my bathroom pipe has burst,report_issue,plumber,high
38,the water pressure is very low,report_issue,plumber,low
39,the kitchen pipe is damaged,report_issue,plumber,medium
40,a pipe has cracked in my house,report_issue,plumber,high
41,i think there is a hidden water leak,report_issue,plumber,medium
42,i can hear water leaking inside the wall,report_issue,plumber,high
43,my washing machine water pipe is leaking,report_issue,plumber,medium
44,the pipe connected to the sink is broken,report_issue,plumber,medium
45,the outdoor tap is broken,report_issue,plumber,low
46,i need someone to repair my water line,request_service,plumber,medium
47,my bathroom faucet needs repair,report_issue,plumber,low
48,the tap won't close properly,report_issue,plumber,low
49,the sink is overflowing with water,report_issue,plumber,high
50,the kitchen drain is completely blocked,report_issue,plumber,high
51,dirty water is coming back through the drain,report_issue,plumber,high
52,i have a plumbing problem in my house,report_issue,plumber,medium
53,i need plumbing service today,request_service,plumber,medium
54,can you arrange a plumber for me,request_service,plumber,low
55,i need a water technician to inspect the pipes,request_service,plumber,low
56,please send someone to fix my plumbing issue,request_service,plumber,medium
57,my plumbing system needs repair,report_issue,plumber,medium
58,there is a major water leak in my house,report_issue,plumber,high
59,water is flooding my bathroom,report_issue,plumber,high
60,my kitchen is flooded because of a broken pipe,report_issue,plumber,high
61,the water meter pipe is leaking,report_issue,plumber,medium
62,my home's main water pipe is damaged,report_issue,plumber,high
63,i need plumbing assistance immediately,request_service,plumber,high
54,please send a plumber as quickly as possible,request_service,plumber,high
65,i have an urgent plumbing issue,report_issue,plumber,high
66,water is leaking everywhere,report_issue,plumber,high
67,the pipe under my bathroom sink has broken,report_issue,plumber,high
68,i need someone to stop the water leak,request_service,plumber,high
69,my plumbing emergency needs immediate attention,report_issue,plumber,high
70,i need a plumber to fix my bathroom sink,request_service,plumber,medium
71,the water tap is broken,report_issue,plumber,low
72,my kitchen faucet is leaking badly,report_issue,plumber,medium
73,i have a leaking water pipe in my garden,report_issue,plumber,medium
74,the bathroom sink is clogged,report_issue,plumber,medium
75,i need someone to repair my toilet,request_service,plumber,medium
76,my toilet will not flush,report_issue,plumber,medium
77,the water pipe has started leaking suddenly,report_issue,plumber,high
78,my bathroom floor is flooded,report_issue,plumber,high
79,there is water leaking near the water meter,report_issue,plumber,medium
80,my shower pipe is leaking,report_issue,plumber,medium
81,i need a plumber for a blocked drain,request_service,plumber,medium
82,the kitchen drain smells bad and is blocked,report_issue,plumber,medium
83,my bathroom tap will not turn off,report_issue,plumber,high
84,i found a leak under the bathroom sink,report_issue,plumber,medium
85,water is dripping from the pipe joint,report_issue,plumber,low
86,the hot water pipe is leaking,report_issue,plumber,medium
87,i need emergency plumbing service at my house,request_service,plumber,high
88,the main water valve is leaking,report_issue,plumber,high
89,i need someone to replace a damaged pipe,request_service,plumber,medium
90,the sink pipe has come loose,report_issue,plumber,medium
91,my water supply pipe is broken,report_issue,plumber,high
92,i need a plumber to inspect a water leak,request_service,plumber,medium
93,my bathroom has a serious plumbing issue,report_issue,plumber,high
94,water is collecting on my kitchen floor because of a leak,report_issue,plumber,high
95,i need a plumber before the leak gets worse,request_service,plumber,high
96,my drain is overflowing after using the sink,report_issue,plumber,high
97,there is a small leak in my kitchen pipe,report_issue,plumber,low
98,i need help fixing a leaking toilet,request_service,plumber,medium
99,my plumbing problem needs to be fixed today,report_issue,plumber,high
100,i need an electrician at my house,request_service,electrician,medium
101,please send an electrician,request_service,electrician,medium
102,i need an electrician to fix a power issue,request_service,electrician,medium
103,the lights are not working,report_issue,electrician,medium
104,there is no electricity in my house,report_issue,electrician,high
105,my power has gone out suddenly,report_issue,electrician,high
106,the circuit breaker keeps tripping,report_issue,electrician,medium
107,my electrical panel needs repair,report_issue,electrician,medium
108,i have a wiring problem,report_issue,electrician,medium
109,there is a burning smell from an electrical outlet,report_issue,electrician,high
110,sparks are coming from the power socket,emergency_request,electrician,high
111,one of my switches is not working,report_issue,electrician,low
112,the ceiling fan is not working,report_issue,electrician,low
113,i need someone to repair my electrical wiring,request_service,electrician,medium
114,my lights keep flickering,report_issue,electrician,medium
115,the power outlet is damaged,report_issue,electrician,medium
116,the wall socket is broken,report_issue,electrician,low
117,i need an electrician to replace a switch,request_service,electrician,low
118,my electrical system needs inspection,report_issue,electrician,low
119,there is a short circuit in my house,report_issue,electrician,high
120,the fuse keeps blowing,report_issue,electrician,medium
121,i think there is an electrical fault,report_issue,electrician,medium
122,the main power switch is not working,report_issue,electrician,high
123,my breaker box is making strange noises,report_issue,electrician,high
124,the light switch is broken,report_issue,electrician,low
125,my room has no electricity,report_issue,electrician,medium
126,the kitchen power outlets are not working,report_issue,electrician,medium
127,i need emergency electrical service,request_service,electrician,high
128,there is smoke coming from an electrical socket,emergency_request,electrician,high
129,my house has an electrical emergency,report_issue,electrician,high
130,i need someone to fix the power supply,request_service,electrician,medium
131,the electrical wiring is damaged,report_issue,electrician,high
132,i need an electrician immediately,request_service,electrician,high
133,my air conditioner is not getting power,report_issue,electrician,medium
134,my water heater is not receiving electricity,report_issue,electrician,medium
135,the electrical outlet is overheating,report_issue,electrician,high
136,my doorbell is not working,report_issue,electrician,low
137,i need a new electrical outlet installed,request_service,electrician,low
138,the garage has no electricity,report_issue,electrician,medium
139,i need someone to repair my fuse box,request_service,electrician,medium
140,the electrical meter is making unusual sounds,report_issue,electrician,high
141,i lost power in one part of the house,report_issue,electrician,medium
142,my living room lights will not turn on,report_issue,electrician,medium
143,i need help with an electrical problem,request_service,electrician,medium
144,the power keeps turning on and off,report_issue,electrician,high
145,the switchboard needs repair,report_issue,electrician,medium
146,i think the wiring is unsafe,report_issue,electrician,high
147,my electrical connections need repair,report_issue,electrician,medium
148,please send an electrician as soon as possible,request_service,electrician,high
149,i need urgent electrical assistance,request_service,electrician,high
150,i need an electrician to repair my ceiling light,request_service,electrician,low
151,the hallway lights are not turning on,report_issue,electrician,medium
152,my bedroom has no power,report_issue,electrician,medium
153,i need someone to fix my electrical socket,request_service,electrician,medium
154,the power outlet stopped working,report_issue,electrician,medium
155,my light bulb keeps burning out,report_issue,electrician,low
156,the fuse box is overheating,report_issue,electrician,high
157,i smell something burning near the switchboard,report_issue,electrician,high
158,my electrical wires are exposed,report_issue,electrician,high
159,i need an electrician to inspect my home wiring,request_service,electrician,low
160,my electricity keeps cutting off,report_issue,electrician,high
161,the main circuit breaker will not reset,report_issue,electrician,high
162,one side of my house has no electricity,report_issue,electrician,medium
163,i need to repair a damaged power cable,request_service,electrician,medium
164,the outdoor lights are not working,report_issue,electrician,low
165,my security lights have stopped working,report_issue,electrician,low
166,the electrical switch sparks when i use it,emergency_request,electrician,high
167,my power socket is making a buzzing sound,report_issue,electrician,high
168,the lights become dim when i use appliances,report_issue,electrician,medium
169,my electrical panel is making clicking sounds,report_issue,electrician,high
170,i need an electrician to install a new switch,request_service,electrician,low
171,my kitchen lights suddenly went off,report_issue,electrician,medium
172,i need someone to repair my light fixtures,request_service,electrician,low
173,my power outlets are loose,report_issue,electrician,medium
174,there is an electrical issue in my office,report_issue,electrician,medium
175,i need urgent help with a power failure,request_service,electrician,high
176,the electricity keeps fluctuating,report_issue,electrician,medium
177,my generator is not supplying electricity properly,report_issue,electrician,medium
178,i think my electrical panel is faulty,report_issue,electrician,high
179,i lost electricity after the rain,report_issue,electrician,high
180,i need electrical repairs before tonight,request_service,electrician,high
181,my home's wiring needs replacement,report_issue,electrician,high
182,the extension socket is not working,report_issue,electrician,low
183,my garage lights keep flickering,report_issue,electrician,medium
184,i need an electrician to fix an electrical leak,request_service,electrician,high
185,there is a problem with my power distribution,report_issue,electrician,medium
186,i cannot turn on the lights in my kitchen,report_issue,electrician,medium
187,i need an electrician for a complete electrical inspection,request_service,electrician,low
188,my home has voltage issues,report_issue,electrician,medium
189,the electrical connection to my water pump is faulty,report_issue,electrician,medium
190,i need someone to repair my electrical meter connection,request_service,electrician,medium
191,my electrical outlet has stopped supplying power,report_issue,electrician,medium
192,i hear crackling sounds from the switchboard,report_issue,electrician,high
193,the ceiling light keeps blinking,report_issue,electrician,medium
194,my electrical wiring was damaged by water,report_issue,electrician,high
195,i need an electrician to reconnect my power supply,request_service,electrician,medium
196,the power trips whenever i use the microwave,report_issue,electrician,medium
197,my electrical system is not safe,report_issue,electrician,high
198,i need immediate electrical repair service,request_service,electrician,high
199,my house has a dangerous electrical fault,report_issue,electrician,high
200,i need a carpenter at my house,request_service,carpenter,medium
201,please send a carpenter,request_service,carpenter,medium
202,i need a carpenter to repair my door,request_service,carpenter,medium
203,my wooden door is broken,report_issue,carpenter,medium
204,the front door will not close properly,report_issue,carpenter,medium
205,my bedroom door is damaged,report_issue,carpenter,medium
206,i need someone to repair my wooden furniture,request_service,carpenter,low
207,my dining table is broken,report_issue,carpenter,low
208,one of my chairs is broken,report_issue,carpenter,low
209,the wooden cupboard door is loose,report_issue,carpenter,low
210,my wardrobe needs repair,report_issue,carpenter,medium
211,the cabinet door has fallen off,report_issue,carpenter,medium
212,i need a carpenter to fix my kitchen cabinets,request_service,carpenter,medium
213,my window frame is damaged,report_issue,carpenter,medium
214,the wooden window will not open,report_issue,carpenter,low
215,my wooden shelf has collapsed,report_issue,carpenter,high
216,the staircase handrail is loose,report_issue,carpenter,high
217,i need someone to repair my staircase,request_service,carpenter,high
218,the wooden floor is damaged,report_issue,carpenter,medium
219,my bed frame is broken,report_issue,carpenter,medium
220,i need a carpenter to repair my bed,request_service,carpenter,medium
221,my office desk is damaged,report_issue,carpenter,low
222,the wardrobe door is stuck,report_issue,carpenter,low
223,i need a new wooden shelf installed,request_service,carpenter,low
224,my cupboard lock is loose,report_issue,carpenter,low
225,the wooden gate is damaged,report_issue,carpenter,medium
226,i need emergency carpenter service,request_service,carpenter,high
227,the main door is broken after a break-in,report_issue,carpenter,high
228,my front door frame is cracked,report_issue,carpenter,high
229,the wooden roof support is damaged,report_issue,carpenter,high
230,i need urgent repair for my wooden stairs,request_service,carpenter,high
231,my wooden fence is broken,report_issue,carpenter,medium
232,i need someone to replace a broken wooden panel,request_service,carpenter,medium
233,my kitchen cabinet is falling apart,report_issue,carpenter,high
234,the wooden drawer is stuck,report_issue,carpenter,low
235,i need help fixing a broken wardrobe,request_service,carpenter,medium
236,the door hinges are loose,report_issue,carpenter,low
237,my wooden table leg is broken,report_issue,carpenter,medium
238,i need a carpenter to install new shelves,request_service,carpenter,low
239,the cabinet handles have come off,report_issue,carpenter,low
240,my study table needs repair,report_issue,carpenter,low
241,the wooden door has swollen and will not open,report_issue,carpenter,medium
242,my wooden partition is damaged,report_issue,carpenter,medium
243,i need a carpenter to repair damaged woodwork,request_service,carpenter,medium
244,the wooden ceiling panel is loose,report_issue,carpenter,high
245,my bookshelf is unstable,report_issue,carpenter,medium
246,i need someone to repair my wooden cabinets today,request_service,carpenter,medium
247,the wooden frame around my window is cracked,report_issue,carpenter,medium
248,my furniture needs immediate repair,report_issue,carpenter,high
249,i need a carpenter as soon as possible,request_service,carpenter,high
250,i need a carpenter to fix my broken cupboard,request_service,carpenter,medium
251,my kitchen cabinet door is broken,report_issue,carpenter,medium
252,the wardrobe shelf has fallen down,report_issue,carpenter,medium
253,my wooden chair is unstable,report_issue,carpenter,low
254,the legs of my dining table are loose,report_issue,carpenter,low
255,i need a carpenter to repair my office furniture,request_service,carpenter,low
256,my bedroom wardrobe is damaged,report_issue,carpenter,medium
257,the wooden cabinet is coming apart,report_issue,carpenter,medium
258,i need someone to repair my wooden window,request_service,carpenter,medium
259,my window frame has started to rot,report_issue,carpenter,medium
260,the wooden door lock is loose,report_issue,carpenter,low
261,i need a carpenter to replace my damaged door,request_service,carpenter,medium
262,the door frame is loose,report_issue,carpenter,medium
263,my front gate needs wooden repairs,report_issue,carpenter,medium
264,the hinges on my wooden gate are broken,report_issue,carpenter,medium
265,the wooden roof beam is cracked,report_issue,carpenter,high
266,my ceiling wood panels are damaged,report_issue,carpenter,high
267,i need immediate repair for my wooden roof,request_service,carpenter,high
268,my staircase steps are loose,report_issue,carpenter,high
269,the wooden railing is unsafe,report_issue,carpenter,high
270,my bookshelf has broken shelves,report_issue,carpenter,medium
271,the wooden desk drawer is broken,report_issue,carpenter,low
272,my study chair needs repair,report_issue,carpenter,low
273,i need someone to repair my office desk,request_service,carpenter,low
274,the wooden bench is damaged,report_issue,carpenter,low
275,i need a carpenter to build a new shelf,request_service,carpenter,low
276,i want to install wooden cabinets,request_service,carpenter,low
277,i need custom wooden furniture,request_service,carpenter,low
278,my wardrobe doors are not sliding properly,report_issue,carpenter,medium
279,the cabinet hinges need replacement,report_issue,carpenter,low
280,my wooden cupboard is making cracking sounds,report_issue,carpenter,medium
281,the wooden flooring has come loose,report_issue,carpenter,medium
282,my floorboards need repair,report_issue,carpenter,medium
283,the wooden staircase is making noise,report_issue,carpenter,medium
284,i need someone to strengthen my wooden stairs,request_service,carpenter,high
285,the wooden frame around my door is damaged,report_issue,carpenter,medium
286,my wooden balcony railing is broken,report_issue,carpenter,high
287,i need a carpenter to repair my balcony,request_service,carpenter,high
288,my patio door is damaged,report_issue,carpenter,medium
289,the wooden partition wall is loose,report_issue,carpenter,medium
290,i need a carpenter to fix my wooden fence,request_service,carpenter,medium
291,my fence gate does not close properly,report_issue,carpenter,low
292,the wooden storage cabinet is broken,report_issue,carpenter,medium
293,i need someone to repair my wooden shelves,request_service,carpenter,low
294,my television cabinet is damaged,report_issue,carpenter,low
295,the wooden closet needs repair,report_issue,carpenter,medium
296,my bedroom furniture has been damaged,report_issue,carpenter,medium
297,i need urgent carpenter service for my house,request_service,carpenter,high
298,the wooden support under the stairs is broken,report_issue,carpenter,high
299,my house has a serious wooden structural problem,report_issue,carpenter,high
300,i need a mason at my house,request_service,mason,medium
301,please send a mason,request_service,mason,medium
302,i need a mason to repair a wall,request_service,mason,medium
303,my boundary wall is cracked,report_issue,mason,medium
304,the wall outside my house is damaged,report_issue,mason,medium
305,i need someone to repair broken bricks,request_service,mason,medium
306,my brick wall is collapsing,report_issue,mason,high
307,the concrete wall has cracked,report_issue,mason,medium
308,my house wall needs repair,report_issue,mason,medium
309,i need a mason to rebuild a damaged wall,request_service,mason,high
310,there are large cracks in my wall,report_issue,mason,high
311,my compound wall has fallen down,report_issue,mason,high
312,i need emergency masonry service,request_service,mason,high
313,the cement on my wall is peeling off,report_issue,mason,low
314,i need someone to repair my concrete steps,request_service,mason,medium
315,my front steps are cracked,report_issue,mason,medium
316,the staircase is damaged,report_issue,mason,high
317,my driveway has broken concrete,report_issue,mason,medium
318,i need a mason to repair my driveway,request_service,mason,medium
319,the floor has cracked,report_issue,mason,medium
320,there are cracks in the concrete floor,report_issue,mason,medium
321,my patio needs repair,report_issue,mason,low
322,the garden wall is damaged,report_issue,mason,medium
323,i need someone to repair my garden wall,request_service,mason,medium
324,the retaining wall is leaning,report_issue,mason,high
325,my retaining wall is about to collapse,report_issue,mason,high
326,i need a mason to repair my chimney,request_service,mason,medium
327,the chimney bricks are loose,report_issue,mason,high
328,my brick fence is damaged,report_issue,mason,medium
329,i need someone to repair brickwork,request_service,mason,medium
330,the cement floor is uneven,report_issue,mason,low
331,my porch needs concrete repair,report_issue,mason,medium
332,i need a mason to repair my porch,request_service,mason,medium
333,the concrete pathway is damaged,report_issue,mason,medium
334,my outdoor steps are broken,report_issue,mason,medium
335,the cement around my house is cracked,report_issue,mason,medium
336,i need a mason to repair foundation cracks,request_service,mason,high
337,there are cracks in my building foundation,report_issue,mason,high
338,my foundation needs urgent repair,report_issue,mason,high
339,the concrete slab is damaged,report_issue,mason,medium
340,i need someone to repair concrete blocks,request_service,mason,medium
341,my balcony wall is cracked,report_issue,mason,high
342,the exterior wall has severe damage,report_issue,mason,high
343,i need a mason for wall plaster repair,request_service,mason,low
344,the plaster is falling off the wall,report_issue,mason,medium
345,my ceiling plaster has cracked,report_issue,mason,medium
346,i need someone to repair cracked plaster,request_service,mason,low
347,the cement plaster is coming off,report_issue,mason,medium
348,my brick steps are loose,report_issue,mason,medium
349,i need a mason to repair brick stairs,request_service,mason,medium
350,the sidewalk outside my house is cracked,report_issue,mason,medium
351,my garage floor has cracks,report_issue,mason,medium
352,i need concrete repair around my garage,request_service,mason,medium
353,the brick pillar is damaged,report_issue,mason,high
354,one of the support pillars has cracked,report_issue,mason,high
355,i need someone to repair a support column,request_service,mason,high
356,my entrance wall is damaged,report_issue,mason,medium
357,the concrete fence is cracked,report_issue,mason,medium
358,i need a mason to fix my fence wall,request_service,mason,medium
359,my outdoor wall needs rebuilding,report_issue,mason,high
360,i need someone to repair damaged concrete,request_service,mason,medium
361,the bricks have started falling off,report_issue,mason,high
362,the mortar between the bricks is damaged,report_issue,mason,medium
363,i need brick replacement work,request_service,mason,medium
364,my house has masonry damage,report_issue,mason,medium
365,i need masonry repair today,request_service,mason,medium
366,please send a mason as soon as possible,request_service,mason,high
367,i have an urgent wall repair,report_issue,mason,high
368,my building wall is unsafe,report_issue,mason,high
369,i need immediate concrete repair,request_service,mason,high
370,the entrance steps are broken,report_issue,mason,medium
371,my front wall has collapsed,report_issue,mason,high
372,i need a mason to repair the front entrance,request_service,mason,medium
373,the side wall of my house is cracked,report_issue,mason,medium
374,my brick structure needs repair,report_issue,mason,medium
375,the cement wall is breaking apart,report_issue,mason,high
376,i need a mason to repair structural damage,request_service,mason,high
377,my concrete staircase is unsafe,report_issue,mason,high
378,i need someone to fix broken concrete stairs,request_service,mason,high
379,the backyard wall is damaged,report_issue,mason,medium
380,i need a mason to repair my backyard wall,request_service,mason,medium
381,the outdoor concrete surface is cracked,report_issue,mason,low
382,my concrete platform is damaged,report_issue,mason,medium
383,i need someone to repair cracked cement,request_service,mason,medium
384,the brick foundation is damaged,report_issue,mason,high
385,my building has cracked masonry,report_issue,mason,high
386,i need urgent help with foundation repair,request_service,mason,high
387,the exterior bricks are loose,report_issue,mason,medium
388,my wall has developed new cracks,report_issue,mason,medium
389,the concrete support wall is damaged,report_issue,mason,high
390,i need someone to repair my concrete wall,request_service,mason,medium
391,my home's brickwork needs repair,report_issue,mason,medium
392,i need a mason to inspect wall damage,request_service,mason,low
393,my property wall needs maintenance,report_issue,mason,low
394,the cement wall has water damage,report_issue,mason,medium
395,i need a mason to repair water damaged walls,request_service,mason,medium
396,the concrete edge around my house is broken,report_issue,mason,low
397,i need someone to rebuild part of my wall,request_service,mason,high
398,my masonry problem needs immediate attention,report_issue,mason,high
399,i need a mason immediately,request_service,mason,high
400,i need a motor mechanic,request_service,mechanic,medium
401,please send a motor mechanic,request_service,mechanic,medium
402,i need a mechanic for my car,request_service,mechanic,medium
403,my car will not start,report_issue,mechanic,high
404,the engine will not start,report_issue,mechanic,high
405,my vehicle broke down,report_issue,mechanic,high
406,my car stopped in the middle of the road,report_issue,mechanic,high
407,i need emergency vehicle repair,request_service,mechanic,high
408,my engine is making strange noises,report_issue,mechanic,medium
409,there is smoke coming from my engine,emergency_request,mechanic,high
410,my car is overheating,report_issue,mechanic,high
411,the engine temperature is too high,report_issue,mechanic,high
412,i need someone to inspect my engine,request_service,mechanic,medium
413,my brakes are not working properly,report_issue,mechanic,high
414,the brake pedal feels soft,report_issue,mechanic,high
415,my car is making a grinding noise,report_issue,mechanic,medium
416,i hear a knocking sound from the engine,report_issue,mechanic,medium
417,my steering wheel is shaking,report_issue,mechanic,medium
418,the steering is difficult to control,report_issue,mechanic,high
419,my battery is dead,report_issue,mechanic,medium
420,i need a battery replacement,request_service,mechanic,medium
421,my car will not move,report_issue,mechanic,high
422,the transmission is not working,report_issue,mechanic,high
423,my gearbox has a problem,report_issue,mechanic,high
424,i need someone to repair my gearbox,request_service,mechanic,high
425,my clutch is slipping,report_issue,mechanic,medium
426,the clutch pedal feels loose,report_issue,mechanic,medium
427,i have an oil leak,report_issue,mechanic,medium
428,my engine is leaking oil,report_issue,mechanic,medium
429,there is coolant leaking from my car,report_issue,mechanic,medium
430,my radiator is leaking,report_issue,mechanic,medium
431,i need radiator repair,request_service,mechanic,medium
432,my tires are worn out,report_issue,mechanic,low
433,i have a flat tire,report_issue,mechanic,medium
434,my tire burst while driving,report_issue,mechanic,high
435,the suspension is making noise,report_issue,mechanic,medium
436,my shock absorbers need repair,report_issue,mechanic,medium
437,the exhaust pipe is damaged,report_issue,mechanic,low
438,my exhaust is making loud noises,report_issue,mechanic,medium
439,the check engine light is on,report_issue,mechanic,medium
440,my car vibrates while driving,report_issue,mechanic,medium
441,the air conditioning in my car is not working,report_issue,mechanic,low
442,my car is losing power,report_issue,mechanic,high
443,my vehicle stalls frequently,report_issue,mechanic,high
444,the engine keeps stalling,report_issue,mechanic,high
445,i need engine diagnostics,request_service,mechanic,medium
446,my alternator is not charging,report_issue,mechanic,medium
447,my starter motor is faulty,report_issue,mechanic,medium
448,my headlights are not working,report_issue,mechanic,low
449,the windshield wipers are not working,report_issue,mechanic,low
450,my horn is not working,report_issue,mechanic,low
451,my car makes a squealing noise when braking,report_issue,mechanic,medium
452,the brake discs need replacement,report_issue,mechanic,medium
453,my vehicle needs a full inspection,request_service,mechanic,low
454,i need a mechanic today,request_service,mechanic,medium
455,i need urgent car repair,request_service,mechanic,high
456,please send a mechanic immediately,request_service,mechanic,high
457,my car is stuck on the road,report_issue,mechanic,high
458,my van broke down,report_issue,mechanic,high
459,my motorcycle will not start,report_issue,mechanic,high
460,i need a mechanic for my motorcycle,request_service,mechanic,medium
461,my scooter is not starting,report_issue,mechanic,medium
462,my engine suddenly stopped,report_issue,mechanic,high
463,i think my fuel pump is faulty,report_issue,mechanic,medium
464,the fuel gauge is not working,report_issue,mechanic,low
465,my car consumes too much fuel,report_issue,mechanic,low
466,my engine misfires while driving,report_issue,mechanic,medium
467,i hear rattling noises under the car,report_issue,mechanic,medium
468,the engine loses power when accelerating,report_issue,mechanic,high
469,my vehicle is leaking transmission fluid,report_issue,mechanic,medium
470,my brakes make a loud noise,report_issue,mechanic,medium
471,my steering pulls to one side,report_issue,mechanic,medium
472,the car battery keeps dying,report_issue,mechanic,medium
473,my ignition key will not turn,report_issue,mechanic,medium
474,my vehicle has electrical issues,report_issue,mechanic,medium
475,the engine warning light keeps flashing,report_issue,mechanic,high
476,i smell burning from my car,report_issue,mechanic,high
477,my vehicle overheated on the highway,report_issue,mechanic,high
478,the timing belt may be broken,report_issue,mechanic,high
479,my car shakes while idling,report_issue,mechanic,medium
480,i need someone to repair my engine,request_service,mechanic,medium
481,my car needs immediate attention,report_issue,mechanic,high
482,my vehicle cannot be driven safely,report_issue,mechanic,high
483,i think my engine has failed,report_issue,mechanic,high
484,my vehicle needs servicing urgently,report_issue,mechanic,high
485,i need roadside mechanic assistance,request_service,mechanic,high
486,the car keeps stopping unexpectedly,report_issue,mechanic,high
487,my engine sounds rough,report_issue,mechanic,medium
488,the suspension feels unstable,report_issue,mechanic,medium
489,my car has trouble accelerating,report_issue,mechanic,medium
490,i cannot shift gears properly,report_issue,mechanic,high
491,the clutch makes a strange noise,report_issue,mechanic,medium
492,my engine is running very roughly,report_issue,mechanic,medium
493,the battery warning light is on,report_issue,mechanic,medium
494,my vehicle is making unusual noises,report_issue,mechanic,medium
495,i need my vehicle repaired as soon as possible,request_service,mechanic,high
496,my car broke down unexpectedly,report_issue,mechanic,high
497,i need immediate mechanical assistance,request_service,mechanic,high
498,my vehicle has a serious mechanical problem,report_issue,mechanic,high
499,please arrange a mechanic right away,request_service,mechanic,high
500,i need an ac technician,request_service,air_condition_technician,medium
501,please send an ac technician,request_service,air_condition_technician,medium
502,my air conditioner is not working,report_issue,air_condition_technician,medium
503,the ac is not cooling,report_issue,air_condition_technician,medium
504,my air conditioner stopped working,report_issue,air_condition_technician,high
505,the ac suddenly turned off,report_issue,air_condition_technician,high
506,i need someone to repair my air conditioner,request_service,air_condition_technician,medium
507,my ac is blowing warm air,report_issue,air_condition_technician,medium
508,the ac is leaking water,report_issue,air_condition_technician,medium
509,water is dripping from my air conditioner,report_issue,air_condition_technician,medium
510,the ac is making a loud noise,report_issue,air_condition_technician,medium
511,my air conditioner is vibrating,report_issue,air_condition_technician,medium
512,the indoor unit is leaking,report_issue,air_condition_technician,medium
513,the outdoor unit is not running,report_issue,air_condition_technician,high
514,my ac compressor is not working,report_issue,air_condition_technician,high
515,the ac fan is not spinning,report_issue,air_condition_technician,medium
516,my air conditioner keeps turning off,report_issue,air_condition_technician,medium
517,the ac will not start,report_issue,air_condition_technician,high
518,the remote control is not working,report_issue,air_condition_technician,low
519,my ac is not responding to the remote,report_issue,air_condition_technician,low
520,the air conditioner has a bad smell,report_issue,air_condition_technician,medium
521,my ac smells like something is burning,report_issue,air_condition_technician,high
522,the ac is making unusual sounds,report_issue,air_condition_technician,medium
523,my room is not getting cold,report_issue,air_condition_technician,medium
524,i need emergency ac repair,request_service,air_condition_technician,high
525,please repair my air conditioner today,report_issue,air_condition_technician,medium
526,i need urgent ac service,request_service,air_condition_technician,high
527,the ac stopped cooling during the night,report_issue,air_condition_technician,medium
528,my split ac is not working,report_issue,air_condition_technician,medium
529,my window ac is not cooling,report_issue,air_condition_technician,medium
530,the ac filter needs cleaning,report_issue,air_condition_technician,low
531,my air conditioner needs servicing,report_issue,air_condition_technician,low
532,i need regular ac maintenance,request_service,air_condition_technician,low
533,the ac is freezing up,report_issue,air_condition_technician,medium
534,there is ice forming on the ac unit,report_issue,air_condition_technician,medium
535,my air conditioner trips the power,report_issue,air_condition_technician,high
536,the ac breaker keeps tripping,report_issue,air_condition_technician,high
537,my ac makes a buzzing sound,report_issue,air_condition_technician,medium
538,the compressor is making loud noises,report_issue,air_condition_technician,high
539,the cooling is very weak,report_issue,air_condition_technician,medium
540,my ac is consuming too much electricity,report_issue,air_condition_technician,low
541,the thermostat is not working,report_issue,air_condition_technician,medium
542,the ac temperature cannot be adjusted,report_issue,air_condition_technician,medium
543,i need an ac gas refill,request_service,air_condition_technician,medium
544,my air conditioner needs gas charging,report_issue,air_condition_technician,medium
545,the refrigerant may be leaking,report_issue,air_condition_technician,high
546,my ac is leaking refrigerant,report_issue,air_condition_technician,high
547,the airflow from my ac is very weak,report_issue,air_condition_technician,medium
548,my air conditioner keeps restarting,report_issue,air_condition_technician,medium
549,the ac display is not working,report_issue,air_condition_technician,low
550,my office ac is not working,report_issue,air_condition_technician,medium
551,the bedroom ac stopped cooling,report_issue,air_condition_technician,medium
552,the living room air conditioner is faulty,report_issue,air_condition_technician,medium
553,the ac is not turning on after a power cut,report_issue,air_condition_technician,medium
554,my ac has electrical problems,report_issue,air_condition_technician,high
555,the outdoor fan is not rotating,report_issue,air_condition_technician,medium
556,i need someone to inspect my ac,request_service,air_condition_technician,low
557,the ac requires immediate repair,report_issue,air_condition_technician,high
558,my air conditioner has completely stopped,report_issue,air_condition_technician,high
559,the cooling stopped suddenly,report_issue,air_condition_technician,high
560,my ac is making a clicking sound,report_issue,air_condition_technician,medium
561,the indoor fan is not working,report_issue,air_condition_technician,medium
562,my ac has poor airflow,report_issue,air_condition_technician,medium
563,i need someone to clean my air conditioner,request_service,air_condition_technician,low
564,my ac needs a complete service,request_service,air_condition_technician,low
565,the ac unit is overheating,report_issue,air_condition_technician,high
566,my air conditioner shuts down after a few minutes,report_issue,air_condition_technician,medium
567,the ac keeps switching on and off,report_issue,air_condition_technician,medium
568,the cooling is uneven,report_issue,air_condition_technician,low
569,some rooms are not getting enough cooling,report_issue,air_condition_technician,low
570,the ac is not removing humidity,report_issue,air_condition_technician,medium
571,my air conditioner is too noisy,report_issue,air_condition_technician,medium
572,the ac compressor overheated,report_issue,air_condition_technician,high
573,i need immediate air conditioner repair,request_service,air_condition_technician,high
574,the ac stopped working in this heat,report_issue,air_condition_technician,high
575,my office needs urgent ac repair,report_issue,air_condition_technician,high
576,the ac is leaking inside the house,report_issue,air_condition_technician,medium
577,my ac installation needs adjustment,report_issue,air_condition_technician,low
578,i need a technician to reinstall my ac,request_service,air_condition_technician,low
579,the ac pipes are leaking,report_issue,air_condition_technician,medium
580,my air conditioner has stopped unexpectedly,report_issue,air_condition_technician,high
581,the cooling performance has dropped,report_issue,air_condition_technician,medium
582,i hear rattling sounds from the ac,report_issue,air_condition_technician,medium
583,the ac motor is not working,report_issue,air_condition_technician,high
584,my air conditioner is short cycling,report_issue,air_condition_technician,medium
585,the ac is running continuously without cooling,report_issue,air_condition_technician,medium
586,i need an ac technician as soon as possible,request_service,air_condition_technician,high
587,my ac is causing power fluctuations,report_issue,air_condition_technician,high
588,the condenser unit is not working,report_issue,air_condition_technician,high
589,the evaporator is frozen,report_issue,air_condition_technician,medium
590,the ac unit needs immediate attention,report_issue,air_condition_technician,high
591,my home ac needs repair today,report_issue,air_condition_technician,medium
592,i need professional ac servicing,request_service,air_condition_technician,low
593,the air conditioner stopped after making a loud noise,report_issue,air_condition_technician,high
594,my ac has a serious cooling problem,report_issue,air_condition_technician,high
595,i need urgent help with my air conditioner,request_service,air_condition_technician,high
596,please arrange an ac technician immediately,report_issue,air_condition_technician,high
597,my air conditioner needs emergency service,report_issue,air_condition_technician,high
598,the ac has completely failed,report_issue,air_condition_technician,high
599,i need someone to diagnose why my air conditioner is not cooling properly,request_service,air_condition_technician,medium
600,i need a painter,request_service,painter,medium
601,please send a painter,request_service,painter,medium
602,i need a painter for my house,request_service,painter,medium
603,i want to paint my living room,request_service,painter,low
604,i need someone to paint my bedroom,request_service,painter,low
605,my house needs repainting,report_issue,painter,medium
606,i need exterior house painting,request_service,painter,medium
607,i need interior painting services,request_service,painter,medium
608,the paint on my walls is peeling,report_issue,painter,medium
609,my ceiling paint is peeling off,report_issue,painter,medium
610,i need to repaint my ceiling,request_service,painter,medium
611,my wall paint is fading,report_issue,painter,low
612,i want to repaint my office,request_service,painter,low
613,i need a painter for my apartment,request_service,painter,medium
614,i want to paint my kitchen,request_service,painter,low
615,i need someone to paint my bathroom,request_service,painter,low
616,my front wall needs painting,report_issue,painter,medium
617,the exterior walls need repainting,report_issue,painter,medium
618,my fence needs painting,report_issue,painter,low
619,i need someone to paint my gate,request_service,painter,low
620,the paint on my gate is peeling,report_issue,painter,low
621,i want to paint my garage,request_service,painter,low
622,my garage walls need repainting,report_issue,painter,low
623,i need a painter to paint my shop,request_service,painter,medium
624,my office walls need fresh paint,report_issue,painter,medium
625,i need urgent painting service,request_service,painter,high
626,please send a painter today,request_service,painter,medium
627,i need painting work completed urgently,request_service,painter,high
628,my house needs painting before an event,report_issue,painter,high
629,i need someone to repaint my entire house,request_service,painter,medium
630,the walls have water stains and need repainting,report_issue,painter,medium
631,mold has damaged my wall paint,report_issue,painter,medium
632,the ceiling needs new paint after repairs,report_issue,painter,medium
633,i need a painter after renovation work,request_service,painter,medium
634,i just finished construction and need painting,report_issue,painter,medium
635,i want to change the color of my walls,request_service,painter,low
636,i need professional painting services,request_service,painter,low
637,i need someone to paint my ceiling,request_service,painter,low
638,my bedroom walls need repainting,report_issue,painter,low
639,the children's room needs painting,report_issue,painter,low
640,my dining room needs a fresh coat of paint,request_service,painter,low
641,i need someone to paint my staircase walls,request_service,painter,medium
642,the hallway walls need painting,report_issue,painter,low
643,i want to repaint the front entrance,request_service,painter,low
644,my balcony walls need painting,report_issue,painter,low
645,i need to repaint my boundary wall,request_service,painter,medium
646,my compound wall needs painting,report_issue,painter,medium
647,i need someone to paint my wooden doors,request_service,painter,low
648,i want my window frames repainted,request_service,painter,low
649,i need someone to paint my cabinets,request_service,painter,low
650,my office ceiling needs repainting,report_issue,painter,medium
651,the conference room needs painting,report_issue,painter,low
652,i need painting for my new office,request_service,painter,medium
653,my shop interior needs painting,report_issue,painter,medium
654,i need to repaint my restaurant,request_service,painter,medium
655,my hotel room walls need painting,report_issue,painter,medium
656,the paint is cracking on the walls,report_issue,painter,medium
657,the old paint is coming off,report_issue,painter,medium
658,i need someone to remove old paint and repaint,request_service,painter,medium
659,i need decorative wall painting,request_service,painter,low
660,i want textured wall painting,request_service,painter,low
661,i need waterproof paint applied,request_service,painter,medium
662,i need weather resistant exterior painting,request_service,painter,medium
663,my house paint has faded because of the sun,report_issue,painter,low
664,i need repainting after water damage,request_service,painter,medium
665,my walls look dirty and need repainting,report_issue,painter,low
666,i need a painter for maintenance work,request_service,painter,low
667,i want to repaint my rental property,request_service,painter,low
668,i need painting before moving into my house,request_service,painter,medium
669,i need painting before renting my property,request_service,painter,medium
670,i need someone to repaint damaged walls,request_service,painter,medium
671,the paint has started bubbling,report_issue,painter,medium
672,the wall finish needs repainting,report_issue,painter,medium
673,my office needs urgent repainting,report_issue,painter,high
674,i need my shop painted before opening,request_service,painter,high
675,my business premises need painting immediately,report_issue,painter,high
676,i need a painter as soon as possible,request_service,painter,high
677,my walls need immediate repainting,report_issue,painter,high
678,i need emergency painting service,request_service,painter,high
679,i need quick painting before guests arrive,request_service,painter,high
680,i need someone to finish painting today,request_service,painter,high
681,i need painters for a newly built house,request_service,painter,medium
682,my villa needs complete painting,report_issue,painter,medium
683,i need paint touch up work,request_service,painter,low
684,i need someone to repaint damaged corners,request_service,painter,low
685,the paint around my windows is peeling,report_issue,painter,low
686,i need my front door repainted,request_service,painter,low
687,the balcony ceiling needs painting,report_issue,painter,low
688,i need someone to paint the roof edges,request_service,painter,medium
689,i need repainting after wall repairs,request_service,painter,medium
690,the repaired walls need fresh paint,report_issue,painter,medium
691,i need painting work after plastering,request_service,painter,medium
692,i need complete home painting service,request_service,painter,medium
693,i need indoor and outdoor painting,request_service,painter,medium
694,i need someone to inspect my painting work,request_service,painter,low
695,i need painting service for my property,request_service,painter,medium
696,i need wall painting completed this week,request_service,painter,medium
697,please arrange a painter immediately,request_service,painter,high
698,i need immediate painting assistance,request_service,painter,high
699,my painting work is urgent,report_issue,painter,high
700,i need pest control service,request_service,pest_controller,medium
701,please send a pest control technician,request_service,pest_controller,medium
702,i need someone to remove pests from my house,request_service,pest_controller,medium
703,there are ants all over my kitchen,report_issue,pest_controller,low
704,i have a cockroach problem,report_issue,pest_controller,medium
705,my house is full of cockroaches,report_issue,pest_controller,medium
706,i found termites in my house,report_issue,pest_controller,high
707,termites are damaging my furniture,report_issue,pest_controller,high
708,i need termite treatment,request_service,pest_controller,high
709,my wooden furniture has termites,report_issue,pest_controller,high
710,there are rats in my house,report_issue,pest_controller,high
711,i saw a rat in my kitchen,report_issue,pest_controller,high
712,mice are entering my house,report_issue,pest_controller,medium
713,i need rat removal service,request_service,pest_controller,high
714,there are rodents in my ceiling,report_issue,pest_controller,high
715,i have a mosquito problem,report_issue,pest_controller,medium
716,i need mosquito control service,request_service,pest_controller,medium
717,there are too many mosquitoes around my house,report_issue,pest_controller,medium
718,my house has a bed bug infestation,report_issue,pest_controller,high
719,i need bed bug treatment,request_service,pest_controller,high
720,i found bed bugs in my mattress,report_issue,pest_controller,high
721,there are fleas in my house,report_issue,pest_controller,medium
722,i need flea control,request_service,pest_controller,medium
723,my pets have fleas,report_issue,pest_controller,medium
724,i found a wasp nest outside my house,report_issue,pest_controller,high
725,there is a bee hive near my home,report_issue,pest_controller,high
726,i need someone to remove a bee hive,request_service,pest_controller,high
727,i found a hornet nest,report_issue,pest_controller,high
728,there are spiders everywhere,report_issue,pest_controller,medium
729,i need spider control service,request_service,pest_controller,medium
730,my house has a lizard problem,report_issue,pest_controller,low
731,i need lizard removal service,request_service,pest_controller,low
732,there are snakes near my house,report_issue,pest_controller,high
733,i need snake removal immediately,request_service,pest_controller,high
734,i found a snake inside my house,report_issue,pest_controller,high
735,there are pigeons nesting on my roof,report_issue,pest_controller,medium
736,i need bird control service,request_service,pest_controller,medium
737,bats are entering my attic,report_issue,pest_controller,high
738,i need bat removal service,request_service,pest_controller,high
739,i have insects all over my house,report_issue,pest_controller,medium
740,i need insect control,request_service,pest_controller,medium
741,there are flies everywhere,report_issue,pest_controller,low
742,i need fly control service,request_service,pest_controller,low
743,i found silverfish in my bathroom,report_issue,pest_controller,medium
744,my pantry has insects,report_issue,pest_controller,medium
745,there are bugs in my kitchen cabinets,report_issue,pest_controller,medium
746,i need fumigation service,request_service,pest_controller,medium
747,i want to fumigate my house,request_service,pest_controller,medium
748,my office needs pest control,report_issue,pest_controller,medium
749,i need pest control for my shop,request_service,pest_controller,medium
750,my restaurant has a pest problem,report_issue,pest_controller,high
751,i need pest control for my warehouse,request_service,pest_controller,medium
752,there are cockroaches in my restaurant,report_issue,pest_controller,high
753,rats are damaging my property,report_issue,pest_controller,high
754,pests are destroying my garden,report_issue,pest_controller,medium
755,i need pest control for my garden,request_service,pest_controller,medium
756,insects are damaging my plants,report_issue,pest_controller,medium
757,termites are spreading quickly,report_issue,pest_controller,high
758,my ceiling has signs of termites,report_issue,pest_controller,high
759,i think there are termites in my walls,report_issue,pest_controller,high
760,i need emergency pest control,request_service,pest_controller,high
761,please send pest control today,request_service,pest_controller,medium
762,i need urgent pest removal,request_service,pest_controller,high
763,my home has a serious pest problem,report_issue,pest_controller,high
764,pests are everywhere in my house,report_issue,pest_controller,high
765,i cannot control the pest infestation,report_issue,pest_controller,high
766,i need immediate pest treatment,request_service,pest_controller,high
767,i need professional pest control,request_service,pest_controller,medium
768,i need someone to inspect my house for pests,request_service,pest_controller,low
769,i think i have a pest infestation,report_issue,pest_controller,medium
770,i found insect eggs in my house,report_issue,pest_controller,medium
771,there are ants in every room,report_issue,pest_controller,medium
772,cockroaches keep appearing at night,report_issue,pest_controller,medium
773,i hear rats in the walls,report_issue,pest_controller,high
774,i hear rodents in the ceiling,report_issue,pest_controller,high
775,i found droppings around my kitchen,report_issue,pest_controller,medium
776,i need pest inspection,request_service,pest_controller,low
777,i need pest prevention treatment,request_service,pest_controller,low
778,my house needs regular pest control,report_issue,pest_controller,low
779,i need annual pest control service,request_service,pest_controller,low
780,i want to schedule pest treatment,request_service,pest_controller,low
781,there are bugs in my bedroom,report_issue,pest_controller,medium
782,insects are biting my family,report_issue,pest_controller,high
783,i think bed bugs are biting us,report_issue,pest_controller,high
784,my children are getting bitten by insects,report_issue,pest_controller,high
785,i need someone to eliminate cockroaches,request_service,pest_controller,medium
786,my storage room has pests,report_issue,pest_controller,medium
787,my garage has rodents,report_issue,pest_controller,medium
788,there are ants around my food storage,report_issue,pest_controller,medium
789,i found termites near the door frame,report_issue,pest_controller,high
790,pests have damaged my wooden floor,report_issue,pest_controller,high
791,my business needs urgent pest control,report_issue,pest_controller,high
792,i need pest control before guests arrive,request_service,pest_controller,high
793,please arrange pest control immediately,report_issue,pest_controller,high
794,i need someone to remove a pest infestation,request_service,pest_controller,high
795,my property needs pest treatment today,report_issue,pest_controller,medium
796,i need complete pest control service,request_service,pest_controller,medium
797,i need immediate pest removal assistance,request_service,pest_controller,high
798,my house needs fumigation as soon as possible,report_issue,pest_controller,high
799,i have a severe pest infestation,report_issue,pest_controller,high
800,need a cleaning service,request_service,cleaning_service,medium
801,please send a cleaner,request_service,cleaning_service,medium
802,i need someone to clean my house,request_service,cleaning_service,medium
803,my house needs cleaning,report_issue,cleaning_service,medium
804,i need home cleaning service,request_service,cleaning_service,medium
805,i need a cleaner today,request_service,cleaning_service,medium
806,i need deep cleaning for my house,request_service,cleaning_service,medium
807,my apartment needs cleaning,report_issue,cleaning_service,medium
808,i need someone to clean my apartment,request_service,cleaning_service,medium
809,i need office cleaning service,request_service,cleaning_service,medium
810,my office needs cleaning,report_issue,cleaning_service,medium
811,i need someone to clean my office,request_service,cleaning_service,medium
812,i need kitchen cleaning service,request_service,cleaning_service,low
813,my kitchen is very dirty,report_issue,cleaning_service,medium
814,i need bathroom cleaning service,request_service,cleaning_service,low
815,my bathroom needs deep cleaning,report_issue,cleaning_service,medium
816,i need someone to clean my bathroom,request_service,cleaning_service,low
817,my living room needs cleaning,report_issue,cleaning_service,low
818,i need my bedroom cleaned,request_service,cleaning_service,low
819,i need floor cleaning service,request_service,cleaning_service,low
820,the floors are very dirty,report_issue,cleaning_service,low
821,i need window cleaning service,request_service,cleaning_service,low
822,my windows need cleaning,report_issue,cleaning_service,low
823,i need carpet cleaning service,request_service,cleaning_service,medium
824,my carpet is dirty,report_issue,cleaning_service,medium
825,i need sofa cleaning service,request_service,cleaning_service,medium
826,my sofa needs deep cleaning,report_issue,cleaning_service,medium
827,i need curtain cleaning service,request_service,cleaning_service,low
828,my curtains need cleaning,report_issue,cleaning_service,low
829,i need mattress cleaning service,request_service,cleaning_service,medium
830,my mattress needs cleaning,report_issue,cleaning_service,medium
831,i need post construction cleaning,request_service,cleaning_service,high
832,i need cleaning after renovation,request_service,cleaning_service,high
833,my newly renovated house needs cleaning,report_issue,cleaning_service,high
834,i need move in cleaning service,request_service,cleaning_service,medium
835,i need move out cleaning service,request_service,cleaning_service,medium
836,i need spring cleaning service,request_service,cleaning_service,low
837,i need regular house cleaning,request_service,cleaning_service,low
838,i need weekly cleaning service,request_service,cleaning_service,low
839,i need monthly cleaning service,request_service,cleaning_service,low
840,i need commercial cleaning service,request_service,cleaning_service,medium
841,i need warehouse cleaning,request_service,cleaning_service,medium
842,i need shop cleaning service,request_service,cleaning_service,medium
843,my restaurant needs cleaning,report_issue,cleaning_service,high
844,i need hotel room cleaning,request_service,cleaning_service,medium
845,i need cleaning before guests arrive,request_service,cleaning_service,high
846,i need urgent cleaning service,request_service,cleaning_service,high
847,please send a cleaner immediately,request_service,cleaning_service,high
848,my house is a complete mess,report_issue,cleaning_service,high
849,i need emergency cleaning service,request_service,cleaning_service,high
850,i spilled something all over the floor,report_issue,cleaning_service,medium
851,i need someone to clean up a spill,request_service,cleaning_service,medium
852,my house needs a full cleaning,request_service,cleaning_service,medium
853,i need complete home cleaning,request_service,cleaning_service,medium
854,i need dust removal service,request_service,cleaning_service,low
855,there is dust everywhere,report_issue,cleaning_service,low
856,i need someone to remove cobwebs,request_service,cleaning_service,low
857,i need ceiling cleaning service,request_service,cleaning_service,low
858,i need wall cleaning service,request_service,cleaning_service,low
859,my walls are dirty,report_issue,cleaning_service,low
860,i need balcony cleaning service,request_service,cleaning_service,low
861,my balcony needs cleaning,report_issue,cleaning_service,low
862,i need garage cleaning service,request_service,cleaning_service,medium
863,my garage is very dirty,report_issue,cleaning_service,medium
864,i need driveway cleaning,request_service,cleaning_service,low
865,my garden area needs cleaning,report_issue,cleaning_service,low
866,i need pressure washing service,request_service,cleaning_service,medium
867,i need tile cleaning service,request_service,cleaning_service,medium
868,my tiles need deep cleaning,report_issue,cleaning_service,medium
869,i need grout cleaning,request_service,cleaning_service,medium
870,my house smells bad and needs cleaning,report_issue,cleaning_service,medium
871,i need sanitization service,request_service,cleaning_service,medium
872,i need disinfecting service,request_service,cleaning_service,medium
873,i need cleaning after a party,request_service,cleaning_service,high
874,my house is dirty after an event,report_issue,cleaning_service,high
875,i need someone to clean before a family gathering,request_service,cleaning_service,medium
876,i need office cleaning before tomorrow,request_service,cleaning_service,high
877,i need cleaning service for my business,request_service,cleaning_service,medium
878,i need cleaning for my rental property,request_service,cleaning_service,medium
879,my rental house needs cleaning,report_issue,cleaning_service,medium
880,i need a cleaner for my villa,request_service,cleaning_service,medium
881,i need someone to clean every room,request_service,cleaning_service,medium
882,my kitchen needs immediate cleaning,report_issue,cleaning_service,medium
883,the bathroom is too dirty,report_issue,cleaning_service,medium
884,i need professional cleaning services,request_service,cleaning_service,medium
885,i need complete office cleaning,request_service,cleaning_service,medium
886,i need someone to clean my entire property,request_service,cleaning_service,medium
887,i need cleaning assistance today,request_service,cleaning_service,medium
888,my home needs immediate cleaning,report_issue,cleaning_service,high
889,i need someone to clean after flooding,request_service,cleaning_service,high
890,i need cleaning after water damage,request_service,cleaning_service,high
891,i need cleaning after smoke damage,emergency_request,cleaning_service,high
892,my house needs urgent deep cleaning,report_issue,cleaning_service,high
893,i need immediate home cleaning,request_service,cleaning_service,high
894,i need a cleaner as soon as possible,request_service,cleaning_service,high
895,please arrange a cleaning service today,request_service,cleaning_service,medium
896,my property needs professional cleaning,report_issue,cleaning_service,medium
897,i need complete cleaning before moving in,request_service,cleaning_service,high
898,i need someone to make my house spotless,request_service,cleaning_service,medium
899,my house needs thorough cleaning,report_issue,cleaning_service,medium
900,i need cleaning service right away,request_service,cleaning_service,high
901,i need appliance repair service,request_service,appliance_repair_service,medium
902,please send an appliance repair technician,request_service,appliance_repair_service,medium
903,i need someone to repair my refrigerator,request_service,appliance_repair_service,medium
904,my refrigerator is not cooling,report_issue,appliance_repair_service,high
905,the fridge stopped working,report_issue,appliance_repair_service,high
906,my freezer is not freezing,report_issue,appliance_repair_service,medium
907,the refrigerator is leaking water,report_issue,appliance_repair_service,medium
908,my washing machine is not working,report_issue,appliance_repair_service,medium
909,the washing machine will not start,report_issue,appliance_repair_service,medium
910,my washing machine is leaking water,report_issue,appliance_repair_service,high
911,the washing machine is making loud noises,report_issue,appliance_repair_service,medium
912,my dryer is not heating,report_issue,appliance_repair_service,medium
913,the dryer stopped working,report_issue,appliance_repair_service,medium
914,i need someone to repair my microwave,request_service,appliance_repair_service,medium
915,the microwave is not heating food,report_issue,appliance_repair_service,medium
916,my microwave will not turn on,report_issue,appliance_repair_service,medium
917,i need someone to repair my oven,request_service,appliance_repair_service,medium
918,my oven is not heating,report_issue,appliance_repair_service,medium
919,the oven stopped working,report_issue,appliance_repair_service,high
920,my electric stove is not working,report_issue,appliance_repair_service,medium
921,one burner is not heating,report_issue,appliance_repair_service,low
922,all stove burners stopped working,report_issue,appliance_repair_service,high
923,my induction cooker is not working,report_issue,appliance_repair_service,medium
924,the dishwasher is not cleaning properly,report_issue,appliance_repair_service,medium
925,my dishwasher is leaking,report_issue,appliance_repair_service,medium
926,the dishwasher will not start,report_issue,appliance_repair_service,medium
927,my vacuum cleaner is not working,report_issue,appliance_repair_service,low
928,the vacuum cleaner lost suction,report_issue,appliance_repair_service,low
929,my water dispenser is not working,report_issue,appliance_repair_service,medium
930,the water purifier is not working,report_issue,appliance_repair_service,medium
931,i need someone to repair my water purifier,request_service,appliance_repair_service,medium
932,my blender is not turning on,report_issue,appliance_repair_service,low
933,the food processor is not working,report_issue,appliance_repair_service,low
934,my electric kettle is not heating,report_issue,appliance_repair_service,low
935,the toaster is not working,report_issue,appliance_repair_service,low
936,my rice cooker stopped working,report_issue,appliance_repair_service,medium
937,the rice cooker is not heating,report_issue,appliance_repair_service,medium
938,my electric fan is not working,report_issue,appliance_repair_service,medium
939,the ceiling fan remote is not responding,report_issue,appliance_repair_service,low
940,my table fan is making strange noises,report_issue,appliance_repair_service,low
941,the exhaust fan is not working,report_issue,appliance_repair_service,medium
942,i need someone to repair my air fryer,request_service,appliance_repair_service,low
943,the air fryer is not heating,report_issue,appliance_repair_service,low
944,my coffee maker is not working,report_issue,appliance_repair_service,low
945,the espresso machine is broken,report_issue,appliance_repair_service,medium
946,my juicer is not working,report_issue,appliance_repair_service,low
947,the mixer grinder stopped working,report_issue,appliance_repair_service,medium
948,my electric iron is not heating,report_issue,appliance_repair_service,low
949,the iron stopped working suddenly,report_issue,appliance_repair_service,medium
950,my television is not turning on,report_issue,appliance_repair_service,medium
951,the tv screen is blank,report_issue,appliance_repair_service,medium
952,my television has no sound,report_issue,appliance_repair_service,medium
953,the speaker system is not working,report_issue,appliance_repair_service,medium
954,my home theater is not working,report_issue,appliance_repair_service,medium
955,my printer is not working,report_issue,appliance_repair_service,low
956,the scanner stopped working,report_issue,appliance_repair_service,low
957,my photocopy machine is broken,report_issue,appliance_repair_service,medium
958,i need someone to repair my home appliances,request_service,appliance_repair_service,medium
959,several appliances stopped working,report_issue,appliance_repair_service,high
960,i need appliance repair today,request_service,appliance_repair_service,medium
961,i need urgent appliance repair,request_service,appliance_repair_service,high
962,please send a technician immediately,request_service,appliance_repair_service,high
963,my appliance stopped working unexpectedly,report_issue,appliance_repair_service,high
964,my appliance is making unusual noises,report_issue,appliance_repair_service,medium
965,i smell something burning from my appliance,report_issue,appliance_repair_service,high
966,my appliance is overheating,report_issue,appliance_repair_service,high
967,the appliance keeps turning off,report_issue,appliance_repair_service,medium
968,the appliance will not power on,report_issue,appliance_repair_service,medium
969,i need emergency appliance repair,request_service,appliance_repair_service,high
970,my refrigerator is making loud noises,report_issue,appliance_repair_service,medium
971,my freezer door will not close,report_issue,appliance_repair_service,low
972,the washing machine is vibrating excessively,report_issue,appliance_repair_service,medium
973,my microwave sparks when i use it,emergency_request,appliance_repair_service,high
974,the oven door will not close,report_issue,appliance_repair_service,medium
975,my dishwasher leaves water inside,report_issue,appliance_repair_service,medium
976,my water heater is not working,report_issue,appliance_repair_service,high
977,the electric geyser is not heating water,report_issue,appliance_repair_service,high
978,my instant water heater stopped working,report_issue,appliance_repair_service,high
979,my electric chimney is not working,report_issue,appliance_repair_service,medium
980,the kitchen hood is not removing smoke,emergency_request,appliance_repair_service,medium
981,my electric appliance needs inspection,report_issue,appliance_repair_service,low
982,i need someone to diagnose my appliance,request_service,appliance_repair_service,low
983,the control panel is not responding,report_issue,appliance_repair_service,medium
984,the display screen is not working,report_issue,appliance_repair_service,medium
985,my appliance keeps showing an error,report_issue,appliance_repair_service,medium
986,my appliance needs servicing,report_issue,appliance_repair_service,low
987,i need regular appliance maintenance,request_service,appliance_repair_service,low
988,my appliance has an electrical fault,report_issue,appliance_repair_service,high
989,the motor inside my appliance is not working,report_issue,appliance_repair_service,medium
990,i need replacement of a faulty appliance part,request_service,appliance_repair_service,medium
991,my appliance keeps tripping the power,report_issue,appliance_repair_service,high
992,the appliance stopped after a power cut,report_issue,appliance_repair_service,medium
993,my home appliance needs immediate repair,report_issue,appliance_repair_service,high
994,i need professional appliance repair,request_service,appliance_repair_service,medium
995,my appliance is completely dead,report_issue,appliance_repair_service,high
996,please arrange appliance repair as soon as possible,report_issue,appliance_repair_service,high
997,i need immediate appliance repair assistance,request_service,appliance_repair_service,high
998,my kitchen appliance needs urgent repair,report_issue,appliance_repair_service,high
999,i cannot use my appliance anymore,report_issue,appliance_repair_service,medium
1000,my appliance has completely failed,report_issue,appliance_repair_service,high
1001,i need a moving company,request_service,movers,medium
1002,please send a moving company,request_service,movers,medium
1003,i need movers for my house,request_service,movers,medium
1004,i need help moving to a new house,request_service,movers,medium
1005,i am moving to a new apartment,report_issue,movers,medium
1006,i need furniture moving service,request_service,movers,medium
1007,i need house moving service,request_service,movers,medium
1008,i need office relocation service,request_service,movers,medium
1009,i need someone to move my furniture,request_service,movers,medium
1010,i need help relocating my office,request_service,movers,medium
1011,i need movers today,request_service,movers,medium
1012,i need urgent moving service,request_service,movers,high
1013,please arrange movers immediately,report_issue,movers,high
1014,i need to move this weekend,request_service,movers,medium
1015,i need to move tomorrow,request_service,movers,high
1016,i am relocating my home,report_issue,movers,medium
1017,i am relocating my business,report_issue,movers,medium
1018,i need help transporting my furniture,request_service,movers,medium
1019,i need a moving truck,request_service,movers,medium
1020,i need movers with a truck,request_service,movers,medium
1021,i need packing and moving service,request_service,movers,medium
1022,i need help packing my belongings,request_service,movers,low
1023,i need unpacking service,request_service,movers,low
1024,i need complete relocation service,request_service,movers,medium
1025,i need someone to move heavy furniture,request_service,movers,medium
1026,i need help moving a sofa,request_service,movers,low
1027,i need help moving a bed,request_service,movers,low
1028,i need help moving a wardrobe,request_service,movers,low
1029,i need help moving a dining table,request_service,movers,low
1030,i need help moving a refrigerator,request_service,movers,medium
1031,i need help moving a washing machine,request_service,movers,medium
1032,i need help moving a piano,request_service,movers,high
1033,i need help moving fragile items,request_service,movers,medium
1034,i need help moving boxes,request_service,movers,low
1035,i need apartment moving service,request_service,movers,medium
1036,i need house shifting service,request_service,movers,medium
1037,i need office shifting service,request_service,movers,medium
1038,i need to move my shop,request_service,movers,medium
1039,i need warehouse relocation service,request_service,movers,medium
1040,i need commercial moving service,request_service,movers,medium
1041,i need residential moving service,request_service,movers,medium
1042,i need long distance moving service,request_service,movers,medium
1043,i need local moving service,request_service,movers,low
1044,i need same day moving service,request_service,movers,high
1045,i need emergency movers,request_service,movers,high
1046,my moving company canceled,report_issue,movers,high
1047,i need replacement movers today,request_service,movers,high
1048,i need someone to move my belongings,request_service,movers,medium
1049,i need furniture transportation,request_service,movers,medium
1050,i need to move household items,request_service,movers,medium
1051,i need help with home relocation,request_service,movers,medium
1052,i need to move into my new home,request_service,movers,medium
1053,i need movers before tonight,request_service,movers,high
1054,i need to move before the weekend,request_service,movers,medium
1055,i need moving assistance,request_service,movers,medium
1056,i need professional movers,request_service,movers,medium
1057,i need affordable moving service,request_service,movers,low
1058,i need reliable movers,request_service,movers,low
1059,i need movers for a small apartment,request_service,movers,low
1060,i need movers for a large house,request_service,movers,medium
1061,i need to relocate my office equipment,request_service,movers,medium
1062,i need help moving office furniture,request_service,movers,medium
1063,i need to move my business equipment,request_service,movers,medium
1064,i need someone to transport my furniture safely,request_service,movers,medium
1065,i need careful movers for fragile furniture,request_service,movers,medium
1066,i need movers for heavy appliances,request_service,movers,medium
1067,i need help carrying heavy boxes,request_service,movers,low
1068,i need someone to move my belongings upstairs,request_service,movers,low
1069,i need someone to move furniture downstairs,request_service,movers,low
1070,i need loading and unloading service,request_service,movers,medium
1071,i need help loading a moving truck,request_service,movers,low
1072,i need unloading assistance,request_service,movers,low
1073,i need packing materials and movers,request_service,movers,medium
1074,i need moving service with packing supplies,request_service,movers,medium
1075,i need to relocate my family,request_service,movers,medium
1076,i need to move all my household furniture,request_service,movers,medium
1077,i need movers for a complete house move,request_service,movers,medium
1078,i need office moving as soon as possible,request_service,movers,high
1079,my relocation is urgent,report_issue,movers,high
1080,i need immediate relocation service,request_service,movers,high
1081,i need movers within the next few hours,request_service,movers,high
1082,i need a moving crew today,request_service,movers,high
1083,i need someone to transport my office furniture,request_service,movers,medium
1084,i need furniture removal service,request_service,movers,medium
1085,i need to move my storage items,request_service,movers,medium
1086,i need help emptying my apartment,request_service,movers,medium
1087,i need someone to relocate my household goods,request_service,movers,medium
1088,i need movers for a scheduled relocation,request_service,movers,low
1089,i need moving services for my new office,request_service,movers,medium
1090,i need experienced movers,request_service,movers,low
1091,i need furniture moving before tomorrow,request_service,movers,high
1092,i need moving help right away,request_service,movers,high
1093,please send movers as soon as possible,request_service,movers,high
1094,i need urgent furniture transportation,request_service,movers,high
1095,i need to relocate immediately,request_service,movers,high
1096,i need emergency house moving service,request_service,movers,high
1097,i need immediate moving assistance,request_service,movers,high
1098,i need moving service without delay,request_service,movers,high
1099,my move cannot wait any longer,report_issue,movers,high
1100,i need movers right now,request_service,movers,high
1101,i need a locksmith,request_service,locksmith,medium
1102,please send a locksmith,request_service,locksmith,medium
1103,i am locked out of my house,report_issue,locksmith,high
1104,i cannot open my front door,report_issue,locksmith,high
1105,i lost my house keys,report_issue,locksmith,high
1106,my key broke inside the lock,report_issue,locksmith,high
1107,i need someone to unlock my door,request_service,locksmith,high
1108,my door lock is jammed,report_issue,locksmith,medium
1109,the lock is not working,report_issue,locksmith,medium
1110,i cannot lock my door,report_issue,locksmith,medium
1111,i need to replace my door lock,request_service,locksmith,medium
1112,i need a new lock installed,request_service,locksmith,medium
1113,my front door lock is broken,report_issue,locksmith,high
1114,my bedroom door lock is damaged,report_issue,locksmith,medium
1115,the key will not turn in the lock,report_issue,locksmith,medium
1116,i need emergency locksmith service,request_service,locksmith,high
1117,i locked myself outside,report_issue,locksmith,high
1118,i left my keys inside the house,report_issue,locksmith,high
1119,i cannot find my house keys,report_issue,locksmith,high
1120,i need my locks changed,request_service,locksmith,medium
1121,i need someone to repair my door lock,request_service,locksmith,medium
1122,my lock is difficult to open,report_issue,locksmith,low
1123,the deadbolt is not working,report_issue,locksmith,medium
1124,my security lock is damaged,report_issue,locksmith,high
1125,i need to install a smart lock,request_service,locksmith,low
1126,i need a locksmith for my apartment,request_service,locksmith,medium
1127,my apartment door is locked,report_issue,locksmith,high
1128,i need a locksmith for my office,request_service,locksmith,medium
1129,my office door lock is broken,report_issue,locksmith,medium
1130,i need someone to unlock my office,request_service,locksmith,medium
1131,i lost the office keys,report_issue,locksmith,high
1132,my office lock needs replacement,report_issue,locksmith,medium
1133,i need to rekey my locks,request_service,locksmith,low
1134,i need duplicate house keys,request_service,locksmith,low
1135,i need spare keys made,request_service,locksmith,low
1136,my mailbox lock is broken,report_issue,locksmith,low
1137,i need to replace my mailbox lock,request_service,locksmith,low
1138,my gate lock is damaged,report_issue,locksmith,medium
1139,the gate key is stuck,report_issue,locksmith,medium
1140,i cannot unlock the gate,report_issue,locksmith,medium
1141,my garage lock is broken,report_issue,locksmith,medium
1142,i need a locksmith for my garage,request_service,locksmith,medium
1143,the garage key is missing,report_issue,locksmith,medium
1144,i need to unlock my garage,request_service,locksmith,medium
1145,my safe is locked,report_issue,locksmith,high
1146,i forgot the code to my safe,report_issue,locksmith,medium
1147,i need someone to open my safe,request_service,locksmith,high
1148,the safe lock is broken,report_issue,locksmith,high
1149,my cabinet lock is damaged,report_issue,locksmith,low
1150,i need to replace my cabinet lock,request_service,locksmith,low
1151,the drawer lock is broken,report_issue,locksmith,low
1152,my cupboard lock is jammed,report_issue,locksmith,low
1153,i need a locksmith to repair my cupboard lock,request_service,locksmith,low
1154,the bathroom door lock is stuck,report_issue,locksmith,medium
1155,i am locked inside a room,report_issue,locksmith,high
1156,the room door will not open,report_issue,locksmith,high
1157,my lock was damaged during a break in,report_issue,locksmith,high
1158,i need to secure my house immediately,request_service,locksmith,high
1159,i need all my locks replaced,request_service,locksmith,high
1160,someone tried to break my lock,report_issue,locksmith,high
1161,i need urgent lock repair,request_service,locksmith,high
1162,i need lock installation service,request_service,locksmith,medium
1163,i need lock maintenance,request_service,locksmith,low
1164,my door handle and lock are loose,report_issue,locksmith,low
1165,the lock keeps getting stuck,report_issue,locksmith,medium
1166,i need a locksmith today,request_service,locksmith,medium
1167,please send a locksmith immediately,request_service,locksmith,high
1168,i need help opening a locked door,request_service,locksmith,high
1169,i cannot access my house,report_issue,locksmith,high
1170,i need my front door unlocked,request_service,locksmith,high
1171,my lock needs immediate repair,report_issue,locksmith,high
1172,i need a high security lock installed,request_service,locksmith,medium
1173,i want to upgrade my door locks,request_service,locksmith,low
1174,i need digital lock installation,request_service,locksmith,low
1175,my smart lock is not working,report_issue,locksmith,medium
1176,the fingerprint lock is not responding,report_issue,locksmith,medium
1177,my electronic lock has stopped working,report_issue,locksmith,medium
1178,i need help with my smart door lock,request_service,locksmith,medium
1179,my lock was damaged by rust,report_issue,locksmith,low
1180,i need a locksmith to inspect my locks,request_service,locksmith,low
1181,the lock cylinder is broken,report_issue,locksmith,medium
1182,my key snapped in the door,report_issue,locksmith,high
1183,i need a locksmith for key extraction,request_service,locksmith,high
1184,my keys were stolen,report_issue,locksmith,high
1185,i need to change my locks after losing my keys,request_service,locksmith,high
1186,i cannot open my back door,report_issue,locksmith,medium
1187,my balcony door lock is broken,report_issue,locksmith,medium
1188,i need someone to fix my sliding door lock,request_service,locksmith,medium
1189,my patio door lock is damaged,report_issue,locksmith,medium
1190,the lock on my storage room is broken,report_issue,locksmith,low
1191,i need someone to unlock my storage room,request_service,locksmith,medium
1192,my security gate lock needs repair,report_issue,locksmith,medium
1193,i need emergency lock replacement,request_service,locksmith,high
1194,my lock has completely failed,report_issue,locksmith,high
1195,i need immediate locksmith assistance,request_service,locksmith,high
1196,my property needs new locks,report_issue,locksmith,medium
1197,i need professional locksmith service,request_service,locksmith,medium
1198,my lock problem needs to be fixed today,report_issue,locksmith,high
1199,i need a locksmith as soon as possible,request_service,locksmith,high
1200,i cannot enter my property because of the lock,report_issue,locksmith,high
1201,please arrange a locksmith right away,request_service,locksmith,high
1202,i need a gardener,request_service,gardner,medium
1203,please send a gardener,request_service,gardner,medium
1204,i need gardening service,request_service,gardner,medium
1205,i need someone to maintain my garden,request_service,gardner,medium
1206,my garden needs cleaning,report_issue,gardner,medium
1207,i need lawn mowing service,request_service,gardner,medium
1208,my lawn needs mowing,report_issue,gardner,medium
1209,the grass has grown too tall,report_issue,gardner,medium
1210,i need someone to trim my lawn,request_service,gardner,medium
1211,i need hedge trimming service,request_service,gardner,low
1212,my hedges need trimming,report_issue,gardner,low
1213,i need tree pruning service,request_service,gardner,medium
1214,my trees need pruning,report_issue,gardner,medium
1215,i need someone to cut tree branches,request_service,gardner,medium
1216,a tree branch is hanging dangerously,report_issue,gardner,high
1217,i need emergency tree removal,request_service,gardner,high
1218,a tree has fallen in my garden,report_issue,gardner,high
1219,i need someone to remove a fallen tree,request_service,gardner,high
1220,my garden is overgrown,report_issue,gardner,medium
1221,i need complete garden maintenance,request_service,gardner,medium
1222,i need weed removal service,request_service,gardner,low
1223,my garden is full of weeds,report_issue,gardner,medium
1224,i need flower bed maintenance,request_service,gardner,low
1225,my plants need professional care,report_issue,gardner,low
1226,i need garden landscaping,request_service,gardner,medium
1227,i want to redesign my garden,request_service,gardner,low
1228,i need landscaping service,request_service,gardner,medium
1229,i need someone to plant new flowers,request_service,gardner,low
1230,i need tree planting service,request_service,gardner,low
1231,i want to plant new trees,request_service,gardner,low
1232,i need garden soil preparation,request_service,gardner,low
1233,i need compost added to my garden,request_service,gardner,low
1234,my plants are dying,report_issue,gardner,medium
1235,i need help saving my plants,request_service,gardner,medium
1236,i need irrigation system repair,request_service,gardner,medium
1237,my garden irrigation system is not working,report_issue,gardner,medium
1238,i need sprinkler repair,request_service,gardner,medium
1239,my sprinkler system is broken,report_issue,gardner,medium
1240,i need someone to water my garden,request_service,gardner,low
1241,my garden needs regular maintenance,report_issue,gardner,low
1242,i need monthly gardening service,request_service,gardner,low
1243,i need weekly garden maintenance,request_service,gardner,low
1244,i need seasonal garden cleanup,request_service,gardner,low
1245,i need leaf removal service,request_service,gardner,low
1246,my yard is covered with leaves,report_issue,gardner,low
1247,i need garden waste removal,request_service,gardner,medium
1248,i need someone to remove garden debris,request_service,gardner,medium
1249,i need garden cleaning after a storm,request_service,gardner,high
1250,my garden was damaged by the storm,report_issue,gardner,high
1251,i need urgent gardening service,request_service,gardner,high
1252,please send a gardener today,request_service,gardner,medium
1253,i need a gardener immediately,request_service,gardner,high
1254,i need my garden cleaned before an event,request_service,gardner,high
1255,i need my lawn maintained today,request_service,gardner,medium
1256,i need someone to trim my bushes,request_service,gardner,low
1257,my bushes have become overgrown,report_issue,gardner,medium
1258,i need garden fence plants trimmed,request_service,gardner,low
1259,i need climbing plants trimmed,request_service,gardner,low
1260,my garden pathway needs cleaning,report_issue,gardner,low
1261,i need pressure washing for my garden paths,request_service,gardner,low
1262,i need garden edging service,request_service,gardner,low
1263,i need mulch added to my garden,request_service,gardner,low
1264,my flower garden needs attention,report_issue,gardner,low
1265,i need vegetable garden maintenance,request_service,gardner,low
1266,i need fruit tree maintenance,request_service,gardner,medium
1267,my fruit trees need pruning,report_issue,gardner,medium
1268,i need someone to fertilize my plants,request_service,gardner,low
1269,i need pest treatment for my garden,request_service,gardner,medium
1270,insects are damaging my plants,report_issue,gardner,medium
1271,my lawn has dry patches,report_issue,gardner,medium
1272,i need lawn restoration service,request_service,gardner,medium
1273,i need sod installation,request_service,gardner,medium
1274,i need turf installation,request_service,gardner,medium
1275,my garden looks unhealthy,report_issue,gardner,medium
1276,i need professional gardening assistance,request_service,gardner,medium
1277,i need a full garden makeover,request_service,gardner,medium
1278,i want my backyard landscaped,request_service,gardner,medium
1279,my front yard needs landscaping,report_issue,gardner,medium
1280,i need help maintaining my backyard,request_service,gardner,low
1281,i need someone to clean my front yard,request_service,gardner,low
1282,my garden needs immediate attention,report_issue,gardner,high
1283,i need emergency lawn care,request_service,gardner,high
1284,my plants have fallen over after heavy rain,report_issue,gardner,high
1285,i need someone to secure my garden plants,request_service,gardner,medium
1286,i need help with garden drainage,request_service,gardner,medium
1287,my garden is flooded,report_issue,gardner,high
1288,water is collecting in my garden,report_issue,gardner,high
1289,i need someone to improve garden drainage,request_service,gardner,medium
1290,i need rock garden maintenance,request_service,gardner,low
1291,i need decorative garden maintenance,request_service,gardner,low
1292,i need balcony garden maintenance,request_service,gardner,low
1293,i need rooftop garden maintenance,request_service,gardner,medium
1294,my rooftop garden needs cleaning,report_issue,gardner,medium
1295,i need someone to maintain my landscape,request_service,gardner,medium
1296,i need gardening service as soon as possible,request_service,gardner,high
1297,my outdoor plants need urgent care,report_issue,gardner,high
1298,please arrange a gardener immediately,request_service,gardner,high
1299,i need immediate gardening assistance,request_service,gardner,high
1300,i need complete yard maintenance,request_service,gardner,medium
1301,my property needs professional gardening service,report_issue,gardner,medium
1302,i need someone to restore my garden,request_service,gardner,medium
1303,i need cctv installation,request_service,cctv_installer,medium
1304,please send a cctv technician,request_service,cctv_installer,medium
1305,i need cctv cameras installed,request_service,cctv_installer,medium
1306,i want to install cctv cameras at my house,request_service,cctv_installer,medium
1307,i need security camera installation,request_service,cctv_installer,medium
1308,i want surveillance cameras installed,request_service,cctv_installer,medium
1309,i need cctv installation for my office,request_service,cctv_installer,medium
1310,i need cctv installation for my shop,request_service,cctv_installer,medium
1311,i need cctv installation for my warehouse,request_service,cctv_installer,medium
1312,i need cctv installation for my apartment,request_service,cctv_installer,medium
1313,i need outdoor security cameras,request_service,cctv_installer,medium
1314,i need indoor security cameras,request_service,cctv_installer,medium
1315,i need home security camera installation,request_service,cctv_installer,medium
1316,i need business security camera installation,request_service,cctv_installer,medium
1317,i want cameras installed around my property,request_service,cctv_installer,medium
1318,i need cameras installed at my entrance,request_service,cctv_installer,medium
1319,i need cameras installed at my gate,request_service,cctv_installer,medium
1320,i need cameras installed in my garage,request_service,cctv_installer,medium
1321,i need cameras installed in my backyard,request_service,cctv_installer,medium
1322,i need cameras installed in my parking area,request_service,cctv_installer,medium
1323,i need a complete cctv system,request_service,cctv_installer,medium
1324,i need multiple security cameras installed,request_service,cctv_installer,medium
1325,i want wireless cctv installation,request_service,cctv_installer,medium
1326,i want wired cctv installation,request_service,cctv_installer,medium
1327,i need a new cctv setup,request_service,cctv_installer,medium
1328,i need professional cctv installation,request_service,cctv_installer,medium
1329,i want to improve my home security,request_service,cctv_installer,medium
1330,i need surveillance for my property,request_service,cctv_installer,medium
1331,i need security cameras for my business,request_service,cctv_installer,medium
1332,i need cctv cameras before moving in,request_service,cctv_installer,medium
1333,i need cctv installation today,request_service,cctv_installer,medium
1334,i need urgent cctv installation,request_service,cctv_installer,high
1335,please install cctv cameras immediately,report_issue,cctv_installer,high
1336,i need security cameras as soon as possible,request_service,cctv_installer,high
1337,i need emergency cctv installation,request_service,cctv_installer,high
1338,my property needs security cameras today,report_issue,cctv_installer,high
1339,i need cameras installed before tonight,request_service,cctv_installer,high
1340,i need cctv installation before opening my shop,request_service,cctv_installer,high
1341,i need security cameras for my office immediately,request_service,cctv_installer,high
1342,i need someone to install a dvr system,request_service,cctv_installer,medium
1343,i need someone to install an nvr system,request_service,cctv_installer,medium
1344,i need cctv cameras connected to my phone,request_service,cctv_installer,medium
1345,i need remote viewing for my cctv system,request_service,cctv_installer,medium
1346,i need motion detection cameras installed,request_service,cctv_installer,medium
1347,i need night vision security cameras,request_service,cctv_installer,medium
1348,i need high resolution security cameras,request_service,cctv_installer,low
1349,i need cameras with audio recording,request_service,cctv_installer,low
1350,i need smart security cameras installed,request_service,cctv_installer,medium
1351,i need ai security cameras installed,request_service,cctv_installer,medium
1352,i need camera installation for my apartment building,request_service,cctv_installer,medium
1353,i need cctv installation for my hotel,request_service,cctv_installer,medium
1354,i need security cameras for my restaurant,request_service,cctv_installer,medium
1355,i need surveillance cameras for my factory,request_service,cctv_installer,medium
1356,i need cctv installation for my school,request_service,cctv_installer,medium
1357,i need cameras installed in my office building,request_service,cctv_installer,medium
1358,i need cameras to monitor my warehouse,request_service,cctv_installer,medium
1359,i need cameras to monitor my parking lot,request_service,cctv_installer,medium
1360,i need cameras for my retail store,request_service,cctv_installer,medium
1361,i need cameras for my pharmacy,request_service,cctv_installer,medium
1362,i need cameras for my clinic,request_service,cctv_installer,medium
1363,i need cctv installation for my bank office,request_service,cctv_installer,medium
1364,i need additional security cameras,request_service,cctv_installer,low
1365,i need more cameras installed around my house,request_service,cctv_installer,low
1366,i want to expand my cctv system,request_service,cctv_installer,low
1367,i need an extra camera at the back door,request_service,cctv_installer,low
1368,i need an extra camera at the front gate,request_service,cctv_installer,low
1369,i need cameras installed on every floor,request_service,cctv_installer,medium
1370,i need a camera for my driveway,request_service,cctv_installer,low
1371,i need security cameras for my garden,request_service,cctv_installer,low
1372,i need surveillance cameras for my farm,request_service,cctv_installer,medium
1373,i need security cameras for my storage room,request_service,cctv_installer,medium
1374,i need cameras installed in my lobby,request_service,cctv_installer,medium
1375,i need cameras for employee monitoring,request_service,cctv_installer,medium
1376,i need visitor monitoring cameras,request_service,cctv_installer,medium
1377,i need security cameras to prevent theft,request_service,cctv_installer,medium
1378,i need cctv installation after a burglary,request_service,cctv_installer,high
1379,someone broke into my property,report_issue,cctv_installer,high
1380,i need cameras because of recent theft,request_service,cctv_installer,high
1381,i need immediate security camera installation,request_service,cctv_installer,high
1382,i want to secure my property urgently,request_service,cctv_installer,high
1383,my shop needs security cameras right away,report_issue,cctv_installer,high
1384,i need surveillance installed before reopening,request_service,cctv_installer,high
1385,i need cctv installation for a new building,request_service,cctv_installer,medium
1386,i need security cameras for a construction site,request_service,cctv_installer,medium
1387,i need temporary security cameras,request_service,cctv_installer,medium
1388,i need permanent security camera installation,request_service,cctv_installer,medium
1389,i need hidden security cameras installed,request_service,cctv_installer,medium
1390,i need door entrance cameras,request_service,cctv_installer,medium
1391,i need gate monitoring cameras,request_service,cctv_installer,medium
1392,i need license plate monitoring cameras,request_service,cctv_installer,medium
1393,i need security cameras with cloud storage,request_service,cctv_installer,low
1394,i need internet connected security cameras,request_service,cctv_installer,low
1395,i need someone to install security camera wiring,request_service,cctv_installer,medium
1396,i need cctv installation without delay,request_service,cctv_installer,high
1397,i need security cameras installed this week,request_service,cctv_installer,medium
1398,i need complete surveillance system installation,request_service,cctv_installer,medium
1399,i need camera installation service right away,request_service,cctv_installer,high
1400,please arrange cctv installation immediately,report_issue,cctv_installer,high
1401,i need security system installation today,request_service,cctv_installer,high
1402,my business needs cctv installation urgently,report_issue,cctv_installer,high
1403,i need professional surveillance installation,request_service,cctv_installer,medium
1404,i need computer repair service,request_service,computer_repair_service,medium
1405,please send a computer technician,request_service,computer_repair_service,medium
1406,i need someone to repair my computer,request_service,computer_repair_service,medium
1407,my computer is not turning on,report_issue,computer_repair_service,high
1408,my desktop will not start,report_issue,computer_repair_service,high
1409,my laptop is not working,report_issue,computer_repair_service,medium
1410,my computer keeps restarting,report_issue,computer_repair_service,medium
1411,my computer is running very slowly,report_issue,computer_repair_service,low
1412,my laptop is freezing,report_issue,computer_repair_service,medium
1413,the screen is completely black,report_issue,computer_repair_service,high
1414,my monitor is not displaying anything,report_issue,computer_repair_service,medium
1415,my computer crashed suddenly,report_issue,computer_repair_service,high
1416,i need urgent computer repair,request_service,computer_repair_service,high
1417,my pc stopped working unexpectedly,report_issue,computer_repair_service,high
1418,the computer is making strange noises,report_issue,computer_repair_service,medium
1419,my computer keeps shutting down,report_issue,computer_repair_service,high
1420,i think my hard drive has failed,report_issue,computer_repair_service,high
1421,my computer is overheating,report_issue,computer_repair_service,medium
1422,the cooling fan is making loud noises,report_issue,computer_repair_service,low
1423,my keyboard is not working,report_issue,computer_repair_service,low
1424,my mouse is not responding,report_issue,computer_repair_service,low
1425,my computer has no internet connection,report_issue,computer_repair_service,medium
1426,i need help fixing my desktop,request_service,computer_repair_service,medium
1427,i need someone to repair my laptop,request_service,computer_repair_service,medium
1428,my laptop screen is broken,report_issue,computer_repair_service,medium
1429,the laptop battery is not charging,report_issue,computer_repair_service,medium
1430,my charging port is damaged,report_issue,computer_repair_service,medium
1431,my computer is infected with a virus,report_issue,computer_repair_service,high
1432,i need virus removal service,request_service,computer_repair_service,medium
1433,my files have disappeared,report_issue,computer_repair_service,high
1434,i accidentally deleted important files,report_issue,computer_repair_service,medium
1435,i need data recovery service,request_service,computer_repair_service,high
1436,my hard disk is not detected,report_issue,computer_repair_service,high
1437,my solid state drive is not working,report_issue,computer_repair_service,high
1438,my computer is stuck on the startup screen,report_issue,computer_repair_service,medium
1439,windows will not boot,report_issue,computer_repair_service,high
1440,my operating system is corrupted,report_issue,computer_repair_service,high
1441,i need windows installation,request_service,computer_repair_service,medium
1442,i need operating system repair,request_service,computer_repair_service,medium
1443,my software keeps crashing,report_issue,computer_repair_service,medium
1444,i cannot install updates,report_issue,computer_repair_service,low
1445,my computer is extremely slow after an update,report_issue,computer_repair_service,medium
1446,the usb ports are not working,report_issue,computer_repair_service,low
1447,the audio is not working,report_issue,computer_repair_service,low
1448,my speakers are not producing sound,report_issue,computer_repair_service,low
1449,the webcam is not working,report_issue,computer_repair_service,low
1450,the microphone is not working,report_issue,computer_repair_service,low
1451,my printer is not connecting to the computer,report_issue,computer_repair_service,medium
1452,i need someone to fix my printer connection,request_service,computer_repair_service,low
1453,my computer cannot connect to wifi,report_issue,computer_repair_service,medium
1454,my ethernet connection is not working,report_issue,computer_repair_service,medium
1455,i need help setting up my computer,request_service,computer_repair_service,low
1456,i bought a new computer and need setup assistance,report_issue,computer_repair_service,low
1457,i need computer maintenance,request_service,computer_repair_service,low
1458,i need a complete computer checkup,request_service,computer_repair_service,low
1459,my graphics card is not working,report_issue,computer_repair_service,medium
1460,the computer keeps showing error messages,report_issue,computer_repair_service,medium
1461,i keep getting blue screen errors,report_issue,computer_repair_service,high
1462,my laptop keyboard is damaged,report_issue,computer_repair_service,medium
1463,my touchpad is not working,report_issue,computer_repair_service,medium
1464,the laptop hinge is broken,report_issue,computer_repair_service,medium
1465,my power button is not working,report_issue,computer_repair_service,medium
1466,the computer turns on but does not load,report_issue,computer_repair_service,high
1467,my computer freezes during startup,report_issue,computer_repair_service,high
1468,i cannot access my files,report_issue,computer_repair_service,high
1469,my computer has been hacked,report_issue,computer_repair_service,high
1470,i need someone to secure my computer,request_service,computer_repair_service,high
1471,my antivirus is not working,report_issue,computer_repair_service,medium
1472,my computer keeps showing popups,report_issue,computer_repair_service,medium
1473,i think my computer has malware,report_issue,computer_repair_service,medium
1474,my desktop needs immediate repair,report_issue,computer_repair_service,high
1475,my office computer is not working,report_issue,computer_repair_service,medium
1476,i need computer repair for my business,request_service,computer_repair_service,medium
1477,my office network computer has failed,report_issue,computer_repair_service,high
1478,i need emergency computer support,request_service,computer_repair_service,high
1479,my work computer stopped working,report_issue,computer_repair_service,high
1480,i need a technician today,request_service,computer_repair_service,medium
1481,please repair my computer as soon as possible,report_issue,computer_repair_service,high
1482,i need computer service immediately,request_service,computer_repair_service,high
1483,my computer is completely dead,report_issue,computer_repair_service,high
1484,i need motherboard repair,request_service,computer_repair_service,high
1485,my ram needs replacement,report_issue,computer_repair_service,medium
1486,my power supply has failed,report_issue,computer_repair_service,high
1487,i need a computer hardware upgrade,request_service,computer_repair_service,low
1488,i want to upgrade my computer,request_service,computer_repair_service,low
1489,i need more memory installed,request_service,computer_repair_service,low
1490,i need a new hard drive installed,request_service,computer_repair_service,low
1491,i need a solid state drive installed,request_service,computer_repair_service,low
1492,i need a graphics card installed,request_service,computer_repair_service,low
1493,i need someone to clean my computer,request_service,computer_repair_service,low
1494,my computer is full of dust,report_issue,computer_repair_service,low
1495,i need thermal paste replacement,request_service,computer_repair_service,low
1496,my cpu temperature is too high,report_issue,computer_repair_service,medium
1497,my laptop fan is not spinning,report_issue,computer_repair_service,medium
1498,i need help repairing my gaming computer,request_service,computer_repair_service,medium
1499,my gaming pc keeps crashing,report_issue,computer_repair_service,high
1500,i need professional computer repair,request_service,computer_repair_service,medium
1501,my computer needs immediate attention,report_issue,computer_repair_service,high
1502,please arrange a computer technician immediately,request_service,computer_repair_service,high
1503,i need immediate computer repair assistance,request_service,computer_repair_service,high
1504,my computer problem needs to be fixed today,report_issue,computer_repair_service,high
1505,i need water pump repair service,request_service,water_pump_repair_service,medium
1506,please send a water pump technician,request_service,water_pump_repair_service,medium
1507,i need someone to repair my water pump,request_service,water_pump_repair_service,medium
1508,my water pump is not working,report_issue,water_pump_repair_service,high
1509,the water pump will not start,report_issue,water_pump_repair_service,high
1510,my water pump stopped working,report_issue,water_pump_repair_service,high
1511,the water pump is making strange noises,report_issue,water_pump_repair_service,medium
1512,my water pump is leaking,report_issue,water_pump_repair_service,medium
1513,there is water leaking from the pump,report_issue,water_pump_repair_service,medium
1514,my water pump is not pumping water,report_issue,water_pump_repair_service,high
1515,there is no water coming from the pump,report_issue,water_pump_repair_service,high
1516,my water pump has low pressure,report_issue,water_pump_repair_service,medium
1517,the pump is running but not pumping water,report_issue,water_pump_repair_service,high
1518,my water pump keeps turning off,report_issue,water_pump_repair_service,medium
1519,the pump motor is overheating,report_issue,water_pump_repair_service,high
1520,my water pump smells like it is burning,report_issue,water_pump_repair_service,high
1521,the pump keeps tripping the power,report_issue,water_pump_repair_service,high
1522,i need emergency water pump repair,request_service,water_pump_repair_service,high
1523,my water supply has stopped because of the pump,report_issue,water_pump_repair_service,high
1524,i have no water because the pump failed,report_issue,water_pump_repair_service,high
1525,i need urgent water pump repair,request_service,water_pump_repair_service,high
1526,please repair my water pump today,report_issue,water_pump_repair_service,high
1527,my borehole pump is not working,report_issue,water_pump_repair_service,high
1528,i need someone to repair my borehole pump,request_service,water_pump_repair_service,medium
1529,the well pump has stopped working,report_issue,water_pump_repair_service,high
1530,my submersible pump is not working,report_issue,water_pump_repair_service,high
1531,i need repair for my submersible water pump,request_service,water_pump_repair_service,medium
1532,the pressure pump is faulty,report_issue,water_pump_repair_service,medium
1533,my booster pump is not working,report_issue,water_pump_repair_service,medium
1534,i need someone to inspect my water pump,request_service,water_pump_repair_service,low
1535,the water pump motor is making loud noises,report_issue,water_pump_repair_service,medium
1536,my water pump vibrates excessively,report_issue,water_pump_repair_service,medium
1537,the water pump loses pressure,report_issue,water_pump_repair_service,medium
1538,the pump is cycling on and off,report_issue,water_pump_repair_service,medium
1539,my water pump is running continuously,report_issue,water_pump_repair_service,medium
1540,the water pump will not stop,report_issue,water_pump_repair_service,medium
1541,i think the pump motor is damaged,report_issue,water_pump_repair_service,high
1542,my water pump has electrical problems,report_issue,water_pump_repair_service,high
1543,the pump switch is not working,report_issue,water_pump_repair_service,medium
1544,the pressure switch is faulty,report_issue,water_pump_repair_service,medium
1545,the pump capacitor needs replacement,report_issue,water_pump_repair_service,medium
1546,my water pump has a broken pipe connection,report_issue,water_pump_repair_service,medium
1547,the pump is leaking from the fittings,report_issue,water_pump_repair_service,medium
1548,i need water pump maintenance,request_service,water_pump_repair_service,low
1549,my water pump needs servicing,report_issue,water_pump_repair_service,low
1550,i need regular maintenance for my water pump,request_service,water_pump_repair_service,low
1551,my home water pump needs repair,report_issue,water_pump_repair_service,medium
1552,my office water pump is not working,report_issue,water_pump_repair_service,medium
1553,the apartment water pump has failed,report_issue,water_pump_repair_service,high
1554,the building water pump is not working,report_issue,water_pump_repair_service,high
1555,i need someone to repair the main water pump,request_service,water_pump_repair_service,high
1556,the pump is making grinding noises,report_issue,water_pump_repair_service,medium
1557,the pump motor has stopped suddenly,report_issue,water_pump_repair_service,high
1558,my pump does not have enough power,report_issue,water_pump_repair_service,medium
1559,my pump cannot draw water,report_issue,water_pump_repair_service,high
1560,there is air trapped in the water pump,report_issue,water_pump_repair_service,medium
1561,i think my pump needs priming,report_issue,water_pump_repair_service,low
1562,my irrigation water pump is not working,report_issue,water_pump_repair_service,medium
1563,i need repair for my irrigation pump,request_service,water_pump_repair_service,medium
1564,my garden water pump is broken,report_issue,water_pump_repair_service,medium
1565,my farm water pump stopped working,report_issue,water_pump_repair_service,high
1566,i need a technician for my farm water pump,request_service,water_pump_repair_service,medium
1567,the pump keeps losing prime,report_issue,water_pump_repair_service,medium
1568,my water pump is overheating after a few minutes,report_issue,water_pump_repair_service,high
1569,the pump motor hums but does not start,report_issue,water_pump_repair_service,high
1570,my water pump has stopped after a power cut,report_issue,water_pump_repair_service,medium
1571,the water pump does not restart automatically,report_issue,water_pump_repair_service,medium
1572,my water tank pump is not working,report_issue,water_pump_repair_service,medium
1573,i need someone to fix my water tank pump,request_service,water_pump_repair_service,medium
1574,my rooftop water pump is faulty,report_issue,water_pump_repair_service,medium
1575,the pump cannot fill the water tank,report_issue,water_pump_repair_service,high
1576,my water pump runs very slowly,report_issue,water_pump_repair_service,medium
1577,i hear unusual sounds from my water pump,report_issue,water_pump_repair_service,medium
1578,the water pump needs immediate attention,report_issue,water_pump_repair_service,high
1579,my water pressure dropped suddenly,report_issue,water_pump_repair_service,medium
1580,the water pump is causing power fluctuations,report_issue,water_pump_repair_service,high
1581,my water pump keeps blowing the fuse,report_issue,water_pump_repair_service,high
1582,i need professional water pump repair,request_service,water_pump_repair_service,medium
1583,i need someone to replace a faulty pump part,request_service,water_pump_repair_service,medium
1584,my water pump has completely failed,report_issue,water_pump_repair_service,high
1585,the pump is not supplying water to my house,report_issue,water_pump_repair_service,high
1586,i need immediate water pump assistance,request_service,water_pump_repair_service,high
1587,i need a water pump technician as soon as possible,request_service,water_pump_repair_service,high
1588,please arrange water pump repair immediately,report_issue,water_pump_repair_service,high
1589,the water pump has stopped unexpectedly,report_issue,water_pump_repair_service,high
1590,my household water pump is damaged,report_issue,water_pump_repair_service,medium
1591,i need a new motor installed in my water pump,request_service,water_pump_repair_service,medium
1592,my water pump motor burned out,report_issue,water_pump_repair_service,high
1593,i need water pump troubleshooting,request_service,water_pump_repair_service,low
1594,my water pump is losing efficiency,report_issue,water_pump_repair_service,low
1595,the water pump takes too long to start,report_issue,water_pump_repair_service,medium
1596,the pump is making clicking sounds,report_issue,water_pump_repair_service,medium
1597,i need my pump repaired before tomorrow,request_service,water_pump_repair_service,high
1598,i cannot use water because the pump is broken,report_issue,water_pump_repair_service,high
1599,my entire water system depends on the pump,report_issue,water_pump_repair_service,high
1600,the water pump needs urgent servicing,report_issue,water_pump_repair_service,high
1601,my pump problem needs to be fixed today,report_issue,water_pump_repair_service,high
1602,i need same day water pump repair,request_service,water_pump_repair_service,high
1603,my water pump has a serious mechanical problem,report_issue,water_pump_repair_service,high
1604,i need emergency assistance for my water pump,request_service,water_pump_repair_service,high
1605,my water pump is completely out of service,report_issue,water_pump_repair_service,high
1606,i need a solar technician,request_service,solar_technician,medium
1607,please send a solar technician,request_service,solar_technician,medium
1608,i need solar panel repair,request_service,solar_technician,medium
1609,my solar panels are not generating electricity,report_issue,solar_technician,high
1610,my solar system is not working,report_issue,solar_technician,high
1611,the solar inverter is not working,report_issue,solar_technician,high
1612,my solar battery is not charging,report_issue,solar_technician,high
1613,i need someone to inspect my solar system,request_service,solar_technician,low
1614,my solar panels need cleaning,report_issue,solar_technician,low
1615,i need solar panel maintenance,request_service,solar_technician,low
1616,i need solar panel installation,request_service,solar_technician,medium
1617,i want to install a solar power system,request_service,solar_technician,medium
1618,i need rooftop solar installation,request_service,solar_technician,medium
1619,i need home solar installation,request_service,solar_technician,medium
1620,i need solar panels for my office,request_service,solar_technician,medium
1621,i need solar panels for my business,request_service,solar_technician,medium
1622,the solar inverter shows an error,report_issue,solar_technician,medium
1623,my inverter keeps shutting down,report_issue,solar_technician,high
1624,my solar system stopped working,report_issue,solar_technician,high
1625,my solar panels were damaged in the storm,report_issue,solar_technician,high
1626,i need emergency solar repair,request_service,solar_technician,high
1627,my solar battery is swollen,report_issue,solar_technician,high
1628,the battery backup is not working,report_issue,solar_technician,high
1629,my solar battery needs replacement,report_issue,solar_technician,medium
1630,my inverter is making unusual noises,report_issue,solar_technician,medium
1631,i need someone to replace my inverter,request_service,solar_technician,medium
1632,my solar system is producing very little power,report_issue,solar_technician,medium
1633,my electricity bill has increased even with solar,report_issue,solar_technician,low
1634,i think my solar panels are faulty,report_issue,solar_technician,medium
1635,my solar panels have cracked,report_issue,solar_technician,high
1636,the solar mounting frame is loose,report_issue,solar_technician,medium
1637,i need solar panel inspection,request_service,solar_technician,low
1638,i need regular solar maintenance,request_service,solar_technician,low
1639,i need annual solar servicing,request_service,solar_technician,low
1640,the solar cables are damaged,report_issue,solar_technician,high
1641,i think my solar wiring has a problem,report_issue,solar_technician,high
1642,my solar system trips the power,report_issue,solar_technician,high
1643,the solar inverter will not start,report_issue,solar_technician,high
1644,my solar controller is not working,report_issue,solar_technician,medium
1645,i need someone to repair my charge controller,request_service,solar_technician,medium
1646,my off grid solar system is not working,report_issue,solar_technician,high
1647,my on grid solar system is offline,report_issue,solar_technician,high
1648,the solar system disconnected from the grid,report_issue,solar_technician,high
1649,i need someone to reconnect my solar system,request_service,solar_technician,medium
1650,my solar panels are dirty,report_issue,solar_technician,low
1651,i need professional solar panel cleaning,request_service,solar_technician,low
1652,birds have damaged my solar panels,report_issue,solar_technician,medium
1653,my solar system was damaged by lightning,report_issue,solar_technician,high
1654,i need urgent solar maintenance,request_service,solar_technician,high
1655,please send a solar technician today,request_service,solar_technician,medium
1656,i need solar repair immediately,request_service,solar_technician,high
1657,my solar inverter overheated,report_issue,solar_technician,high
1658,the inverter smells like it is burning,report_issue,solar_technician,high
1659,my solar battery is leaking,report_issue,solar_technician,high
1660,my solar panels stopped producing power,report_issue,solar_technician,high
1661,i need solar troubleshooting,request_service,solar_technician,medium
1662,i need someone to diagnose my solar system,request_service,solar_technician,medium
1663,my solar meter is not working,report_issue,solar_technician,medium
1664,my solar monitoring system is offline,request_service,solar_technician,medium
1665,i cannot monitor my solar production,report_issue,solar_technician,low
1666,i need help connecting my solar system to my phone,request_service,solar_technician,low
1667,my solar app is not showing data,report_issue,solar_technician,low
1668,i need additional solar panels installed,request_service,solar_technician,medium
1669,i want to expand my solar system,request_service,solar_technician,medium
1670,i need a larger inverter,request_service,solar_technician,medium
1671,i need more battery storage,request_service,solar_technician,medium
1672,i want to upgrade my solar system,request_service,solar_technician,medium
1673,my inverter keeps restarting,report_issue,solar_technician,medium
1674,my solar system loses power during the day,report_issue,solar_technician,medium
1675,my solar backup is not working during power cuts,report_issue,solar_technician,high
1676,the battery backup is very weak,report_issue,solar_technician,medium
1677,my solar panels have loose connections,report_issue,solar_technician,medium
1678,i hear buzzing sounds from my inverter,report_issue,solar_technician,medium
1679,my solar installation needs inspection,report_issue,solar_technician,low
1680,i need someone to repair my rooftop solar system,request_service,solar_technician,medium
1681,my commercial solar system is not working,report_issue,solar_technician,high
1682,my office solar panels need servicing,report_issue,solar_technician,medium
1683,my factory solar system has failed,report_issue,solar_technician,high
1684,my farm solar system is not working,report_issue,solar_technician,high
1685,i need maintenance for my agricultural solar system,request_service,solar_technician,medium
1686,my water pump solar system is faulty,report_issue,solar_technician,medium
1687,the solar powered water pump is not working,report_issue,solar_technician,high
1688,i need someone to repair my solar water pump,request_service,solar_technician,medium
1689,my inverter display is blank,report_issue,solar_technician,high
1690,my solar panel wiring needs repair,report_issue,solar_technician,medium
1691,i need a technician to test my solar system,request_service,solar_technician,low
1692,my solar equipment needs servicing,report_issue,solar_technician,low
1693,my solar system has an electrical fault,report_issue,solar_technician,high
1694,i need same day solar repair,request_service,solar_technician,high
1695,i need professional solar services,request_service,solar_technician,medium
1696,my home solar system needs immediate attention,report_issue,solar_technician,high
1697,please arrange a solar technician immediately,request_service,solar_technician,high
1698,i need immediate assistance for my solar system,request_service,solar_technician,high
1699,my solar inverter has completely failed,report_issue,solar_technician,high
1700,my solar system needs urgent repair,report_issue,solar_technician,high
1701,i need a solar technician as soon as possible,request_service,solar_technician,high
1702,my renewable energy system is not working,report_issue,solar_technician,medium
1703,my solar installation needs repairs today,report_issue,solar_technician,high
1704,i need emergency assistance for my solar panels,request_service,solar_technician,high
1705,my solar equipment stopped working unexpectedly,report_issue,solar_technician,high
1706,i cannot rely on my solar system anymore,report_issue,solar_technician,medium
1707,i need tv repair service,request_service,tv_repair,medium
1708,please send a tv technician,request_service,tv_repair,medium
1709,i need someone to repair my television,request_service,tv_repair,medium
1710,my tv is not turning on,report_issue,tv_repair,high
1711,my television will not start,report_issue,tv_repair,high
1712,my smart tv is not working,report_issue,tv_repair,medium
1713,the tv screen is black,report_issue,tv_repair,high
1714,my television has no picture,report_issue,tv_repair,high
1715,the screen is blank but there is sound,report_issue,tv_repair,high
1716,my tv has sound but no display,report_issue,tv_repair,high
1717,my television has no sound,report_issue,tv_repair,medium
1718,the speakers on my tv are not working,report_issue,tv_repair,medium
1719,my tv screen is cracked,report_issue,tv_repair,high
1720,the display has broken,report_issue,tv_repair,high
1721,my tv fell and stopped working,report_issue,tv_repair,high
1722,the tv keeps restarting,report_issue,tv_repair,medium
1723,my television freezes while watching,report_issue,tv_repair,medium
1724,the remote control is not working,report_issue,tv_repair,low
1725,my tv is not responding to the remote,report_issue,tv_repair,low
1726,i need someone to repair my tv remote,request_service,tv_repair,low
1727,my smart tv cannot connect to wifi,report_issue,tv_repair,medium
1728,the tv cannot access the internet,report_issue,tv_repair,medium
1729,my android tv is not working,report_issue,tv_repair,medium
1730,the television is stuck on the startup screen,report_issue,tv_repair,medium
1731,my tv keeps showing an error,report_issue,tv_repair,medium
1732,the screen is flickering,report_issue,tv_repair,medium
1733,there are lines on the tv screen,report_issue,tv_repair,medium
1734,the picture quality is poor,report_issue,tv_repair,low
1735,the colors on my tv look wrong,report_issue,tv_repair,low
1736,the tv display is distorted,report_issue,tv_repair,medium
1737,the hdmi port is not working,report_issue,tv_repair,medium
1738,my tv cannot detect external devices,report_issue,tv_repair,medium
1739,the usb port is not working,report_issue,tv_repair,low
1740,my television is overheating,report_issue,tv_repair,high
1741,the tv smells like it is burning,report_issue,tv_repair,high
1742,i hear buzzing sounds from my television,report_issue,tv_repair,medium
1743,the tv turns off by itself,report_issue,tv_repair,medium
1744,the television powers on and off repeatedly,report_issue,tv_repair,medium
1745,my led tv is not working,report_issue,tv_repair,medium
1746,my lcd tv is not working,report_issue,tv_repair,medium
1747,my oled tv has display issues,report_issue,tv_repair,medium
1748,i need smart tv repair,request_service,tv_repair,medium
1749,i need television maintenance,request_service,tv_repair,low
1750,my tv needs servicing,report_issue,tv_repair,low
1751,i need someone to inspect my television,request_service,tv_repair,low
1752,my television stopped working after a power cut,report_issue,tv_repair,high
1753,my tv was damaged by lightning,report_issue,tv_repair,high
1754,my television has an electrical fault,report_issue,tv_repair,high
1755,the power button is not working,report_issue,tv_repair,medium
1756,the tv power supply is faulty,report_issue,tv_repair,high
1757,i need urgent tv repair,request_service,tv_repair,high
1758,please repair my television today,report_issue,tv_repair,medium
1759,i need emergency television repair,request_service,tv_repair,high
1760,my television stopped working unexpectedly,report_issue,tv_repair,high
1761,my home television needs repair,report_issue,tv_repair,medium
1762,my office television is not working,report_issue,tv_repair,medium
1763,i need someone to fix my conference room tv,request_service,tv_repair,medium
1764,the meeting room television is not working,report_issue,tv_repair,medium
1765,my wall mounted tv is loose,report_issue,tv_repair,medium
1766,i need my television mounted on the wall,request_service,tv_repair,low
1767,i need tv installation service,request_service,tv_repair,low
1768,i need someone to install my smart tv,request_service,tv_repair,low
1769,i need help setting up my television,request_service,tv_repair,low
1770,my tv channels are not working,report_issue,tv_repair,medium
1771,i cannot receive tv channels,report_issue,tv_repair,medium
1772,my cable connection is not working,report_issue,tv_repair,medium
1773,the satellite connection is not working,report_issue,tv_repair,medium
1774,my television cannot find channels,report_issue,tv_repair,medium
1775,i need someone to tune my television,request_service,tv_repair,low
1776,my tv audio is delayed,report_issue,tv_repair,low
1777,the television volume does not work,report_issue,tv_repair,medium
1778,my bluetooth speakers will not connect to the tv,report_issue,tv_repair,low
1779,my television screen has dead pixels,report_issue,tv_repair,medium
1780,there are dark spots on my television,report_issue,tv_repair,medium
1781,my television has water damage,report_issue,tv_repair,high
1782,the tv was damaged after flooding,report_issue,tv_repair,high
1783,i dropped my television and it stopped working,report_issue,tv_repair,high
1784,the tv backlight is not working,report_issue,tv_repair,high
1785,my television display is very dim,report_issue,tv_repair,medium
1786,i need a new screen installed on my television,request_service,tv_repair,high
1787,my television motherboard is faulty,report_issue,tv_repair,high
1788,my television needs software repair,report_issue,tv_repair,medium
1789,the smart tv apps are not working,report_issue,tv_repair,low
1790,my streaming apps keep crashing,report_issue,tv_repair,low
1791,i cannot sign in to my smart tv,report_issue,tv_repair,low
1792,i need someone to repair my television immediately,request_service,tv_repair,high
1793,my television needs same day repair,report_issue,tv_repair,high
1794,i need professional television repair,request_service,tv_repair,medium
1795,please send a tv technician as soon as possible,request_service,tv_repair,high
1796,my television has completely failed,report_issue,tv_repair,high
1797,i need immediate tv repair assistance,request_service,tv_repair,high
1798,the television screen suddenly went black,report_issue,tv_repair,high
1799,my family cannot use the television,report_issue,tv_repair,medium
1800,i need my television fixed before tonight,request_service,tv_repair,high
1801,my entertainment system is not working because of the tv,report_issue,tv_repair,medium
1802,i need complete television diagnostics,request_service,tv_repair,low
1803,i need a technician to check my television,request_service,tv_repair,low
1804,my television needs urgent attention,report_issue,tv_repair,high
1805,please arrange a television repair technician immediately,request_service,tv_repair,high
1806,i need my television repaired without delay,request_service,tv_repair,high
1807,my television problem needs to be fixed today,report_issue,tv_repair,high
1808,i need mobile phone repair service,request_service,mobile_phone_repair,medium
1809,please send a mobile phone technician,request_service,mobile_phone_repair,medium
1810,i need someone to repair my phone,request_service,mobile_phone_repair,medium
1811,my phone is not turning on,report_issue,mobile_phone_repair,high
1812,my mobile phone stopped working,report_issue,mobile_phone_repair,high
1813,my smartphone is not working,report_issue,mobile_phone_repair,medium
1814,my phone screen is cracked,report_issue,mobile_phone_repair,medium
1815,i broke my phone screen,report_issue,mobile_phone_repair,medium
1816,my phone display is broken,report_issue,mobile_phone_repair,high
1817,the touchscreen is not working,report_issue,mobile_phone_repair,medium
1818,my phone is frozen,report_issue,mobile_phone_repair,medium
1819,my phone keeps restarting,report_issue,mobile_phone_repair,medium
1820,my phone shuts down unexpectedly,report_issue,mobile_phone_repair,medium
1821,my phone battery drains very fast,report_issue,mobile_phone_repair,low
1822,i need a battery replacement,request_service,mobile_phone_repair,medium
1823,my phone is not charging,report_issue,mobile_phone_repair,high
1824,the charging port is damaged,report_issue,mobile_phone_repair,medium
1825,my charger is not connecting properly,report_issue,mobile_phone_repair,low
1826,my phone overheats while charging,report_issue,mobile_phone_repair,medium
1827,my phone gets very hot,report_issue,mobile_phone_repair,medium
1828,my phone has water damage,report_issue,mobile_phone_repair,high
1829,i dropped my phone in water,report_issue,mobile_phone_repair,high
1830,my phone fell and stopped working,report_issue,mobile_phone_repair,high
1831,my phone has no sound,report_issue,mobile_phone_repair,medium
1832,the speaker is not working,report_issue,mobile_phone_repair,medium
1833,the microphone is not working,report_issue,mobile_phone_repair,medium
1834,nobody can hear me during calls,report_issue,mobile_phone_repair,medium
1835,i cannot hear phone calls,report_issue,mobile_phone_repair,medium
1836,the camera is not working,report_issue,mobile_phone_repair,medium
1837,the front camera is blurry,report_issue,mobile_phone_repair,low
1838,the rear camera is not working,report_issue,mobile_phone_repair,medium
1839,my fingerprint sensor is not working,report_issue,mobile_phone_repair,low
1840,face unlock is not working,report_issue,mobile_phone_repair,low
1841,the power button is broken,report_issue,mobile_phone_repair,medium
1842,the volume buttons are not working,report_issue,mobile_phone_repair,low
1843,the phone vibrates but the screen stays black,report_issue,mobile_phone_repair,high
1844,my phone is stuck on the startup logo,report_issue,mobile_phone_repair,medium
1845,my phone is stuck in a boot loop,report_issue,mobile_phone_repair,high
1846,the operating system crashed,report_issue,mobile_phone_repair,high
1847,i need software repair for my phone,request_service,mobile_phone_repair,medium
1848,i need a phone reset,request_service,mobile_phone_repair,low
1849,i forgot my phone password,report_issue,mobile_phone_repair,medium
1850,i am locked out of my phone,report_issue,mobile_phone_repair,medium
1851,i need data recovery from my phone,request_service,mobile_phone_repair,high
1852,i accidentally deleted my files,report_issue,mobile_phone_repair,medium
1853,my phone storage is corrupted,report_issue,mobile_phone_repair,high
1854,my phone is infected with a virus,report_issue,mobile_phone_repair,medium
1855,my apps keep crashing,report_issue,mobile_phone_repair,low
1856,my phone is running very slowly,report_issue,mobile_phone_repair,low
1857,the screen keeps flickering,report_issue,mobile_phone_repair,medium
1858,there are lines on my phone screen,report_issue,mobile_phone_repair,medium
1859,the display has dead pixels,report_issue,mobile_phone_repair,medium
1860,my phone screen is completely black,report_issue,mobile_phone_repair,high
1861,my sim card is not detected,report_issue,mobile_phone_repair,medium
1862,my phone has no network signal,report_issue,mobile_phone_repair,medium
1863,wifi is not working on my phone,report_issue,mobile_phone_repair,medium
1864,bluetooth is not working,report_issue,mobile_phone_repair,low
1865,gps is not working,report_issue,mobile_phone_repair,low
1866,my phone cannot connect to the internet,report_issue,mobile_phone_repair,medium
1867,my phone cannot make calls,report_issue,mobile_phone_repair,high
1868,i cannot receive calls,report_issue,mobile_phone_repair,high
1869,text messages are not working,report_issue,mobile_phone_repair,medium
1870,my phone is not receiving notifications,report_issue,mobile_phone_repair,low
1871,i need screen replacement,request_service,mobile_phone_repair,medium
1872,i need charging port replacement,request_service,mobile_phone_repair,medium
1873,i need camera replacement,request_service,mobile_phone_repair,medium
1874,i need speaker replacement,request_service,mobile_phone_repair,medium
1875,i need microphone replacement,request_service,mobile_phone_repair,medium
1876,i need battery replacement today,request_service,mobile_phone_repair,medium
1877,my phone battery is swollen,report_issue,mobile_phone_repair,high
1878,the phone back cover is broken,report_issue,mobile_phone_repair,low
1879,the phone frame is bent,report_issue,mobile_phone_repair,medium
1880,i need professional phone repair,request_service,mobile_phone_repair,medium
1881,my phone needs immediate repair,report_issue,mobile_phone_repair,high
1882,please repair my phone today,report_issue,mobile_phone_repair,medium
1883,i need urgent mobile phone repair,request_service,mobile_phone_repair,high
1884,i need emergency phone repair,request_service,mobile_phone_repair,high
1885,my phone stopped working after an update,report_issue,mobile_phone_repair,medium
1886,my phone will not install updates,report_issue,mobile_phone_repair,low
1887,my phone has an electrical fault,report_issue,mobile_phone_repair,high
1888,my phone motherboard is damaged,report_issue,mobile_phone_repair,high
1889,the phone does not recognize the memory card,report_issue,mobile_phone_repair,medium
1890,my phone charging is very slow,report_issue,mobile_phone_repair,low
1891,wireless charging is not working,report_issue,mobile_phone_repair,low
1892,my phone screen became unresponsive,report_issue,mobile_phone_repair,medium
1893,i need someone to inspect my phone,request_service,mobile_phone_repair,low
1894,i need phone maintenance,request_service,mobile_phone_repair,low
1895,i need complete phone diagnostics,request_service,mobile_phone_repair,low
1896,my business phone is not working,report_issue,mobile_phone_repair,high
1897,my work phone stopped working,report_issue,mobile_phone_repair,high
1898,my phone was damaged during a power surge,report_issue,mobile_phone_repair,high
1899,my phone fell from a height,report_issue,mobile_phone_repair,high
1900,i need same day phone repair,request_service,mobile_phone_repair,high
1901,i need a mobile technician as soon as possible,request_service,mobile_phone_repair,high
1902,my phone has completely failed,report_issue,mobile_phone_repair,high
1903,please arrange mobile phone repair immediately,report_issue,mobile_phone_repair,high
1904,i need immediate mobile repair assistance,request_service,mobile_phone_repair,high
1905,my smartphone needs urgent attention,report_issue,mobile_phone_repair,high
1906,i cannot use my phone anymore,report_issue,mobile_phone_repair,high
1907,my phone problem needs to be fixed today,report_issue,mobile_phone_repair,high
1908,i need my mobile phone repaired without delay,request_service,mobile_phone_repair,high
1909,i need a car wash service,request_service,car_care,medium
1910,please send a car wash team,request_service,car_care,medium
1911,i need someone to wash my car,request_service,car_care,medium
1912,my car needs cleaning,report_issue,car_care,medium
1913,i need a complete car wash,request_service,car_care,medium
1914,i need exterior car washing,request_service,car_care,low
1915,i need interior car cleaning,request_service,car_care,low
1916,i need full car detailing,request_service,car_care,medium
1917,my car is very dirty,report_issue,car_care,medium
1918,my car needs a deep clean,request_service,car_care,medium
1919,i need professional car cleaning,request_service,car_care,medium
1920,i want my car washed today,request_service,car_care,medium
1921,i need a mobile car wash service,request_service,car_care,medium
1922,i need someone to wash my vehicle,request_service,car_care,medium
1923,i need my suv cleaned,request_service,car_care,medium
1924,i need my sedan washed,request_service,car_care,medium
1925,i need my van cleaned,request_service,car_care,medium
1926,i need my pickup truck washed,request_service,car_care,medium
1927,i need my jeep cleaned,request_service,car_care,medium
1928,i need a pressure wash for my car,request_service,car_care,medium
1929,i need car shampoo cleaning,request_service,car_care,low
1930,i need foam washing for my car,request_service,car_care,low
1931,i need my car waxed,request_service,car_care,low
1932,i need car polishing service,request_service,car_care,low
1933,i need my car buffed,request_service,car_care,low
1934,i need paint protection for my car,request_service,car_care,low
1935,i need ceramic coating for my car,request_service,car_care,low
1936,my car has mud all over it,report_issue,car_care,medium
1937,my car is covered in dust,report_issue,car_care,low
1938,i need someone to remove stains from my car,request_service,car_care,medium
1939,my car seats need cleaning,report_issue,car_care,medium
1940,i need seat shampooing,request_service,car_care,medium
1941,i need carpet cleaning for my car,request_service,car_care,medium
1942,i need dashboard cleaning,request_service,car_care,low
1943,i need engine bay cleaning,request_service,car_care,low
1944,my car windows need cleaning,report_issue,car_care,low
1945,i need tire cleaning service,request_service,car_care,low
1946,i need wheel polishing,request_service,car_care,low
1947,my car smells bad inside,report_issue,car_care,medium
1948,i need odor removal from my car,request_service,car_care,medium
1949,i spilled food inside my car,report_issue,car_care,medium
1950,i spilled coffee inside my car,report_issue,car_care,medium
1951,i need immediate car cleaning,request_service,car_care,high
1952,i need urgent car wash service,request_service,car_care,high
1953,please wash my car today,report_issue,car_care,medium
1954,i need same day car wash,request_service,car_care,high
1955,i need emergency car detailing,request_service,car_care,high
1956,my car needs cleaning before an event,report_issue,car_care,high
1957,i need my car cleaned before tomorrow,request_service,car_care,high
1958,i need my vehicle detailed today,request_service,car_care,medium
1959,i need someone to remove bird droppings from my car,request_service,car_care,medium
1960,tree sap is stuck on my car,report_issue,car_care,medium
1961,i need bug stains removed from my car,request_service,car_care,medium
1962,i need hard water stains removed,request_service,car_care,medium
1963,my car needs paint cleaning,report_issue,car_care,medium
1964,i need a premium car wash,request_service,car_care,low
1965,i need luxury car detailing,request_service,car_care,low
1966,i need express car wash service,request_service,car_care,medium
1967,i need eco friendly car washing,request_service,car_care,low
1968,i need waterless car wash service,request_service,car_care,low
1969,i need car vacuum cleaning,request_service,car_care,low
1970,i need interior vacuuming,request_service,car_care,low
1971,i need leather seat cleaning,request_service,car_care,medium
1972,i need fabric seat cleaning,request_service,car_care,medium
1973,i need roof lining cleaning,request_service,car_care,medium
1974,i need trunk cleaning,request_service,car_care,low
1975,my company vehicle needs cleaning,report_issue,car_care,medium
1976,i need fleet vehicle washing,request_service,car_care,medium
1977,i need office vehicle cleaning,request_service,car_care,medium
1978,i need taxi cleaning service,request_service,car_care,medium
1979,i need rental car cleaning,request_service,car_care,medium
1980,i need motorcycle washing service,request_service,car_care,low
1981,i need scooter cleaning service,request_service,car_care,low
1982,i need three wheeler washing service,request_service,car_care,low
1983,my car was covered in flood water,report_issue,car_care,high
1984,my vehicle needs cleaning after flooding,report_issue,car_care,high
1985,i need post flood vehicle cleaning,request_service,car_care,high
1986,my car is dirty after off road driving,report_issue,car_care,medium
1987,my car needs cleaning after a long trip,report_issue,car_care,medium
1988,i need someone to clean my windshield,request_service,car_care,low
1989,i need mirror cleaning service,request_service,car_care,low
1990,my headlights need polishing,report_issue,car_care,low
1991,i need scratch removal and polishing,request_service,car_care,medium
1992,my car needs showroom cleaning,report_issue,car_care,low
1993,i need complete vehicle detailing,request_service,car_care,medium
1994,i need monthly car cleaning,request_service,car_care,low
1995,i need weekly car wash service,request_service,car_care,low
1996,i need regular car maintenance cleaning,request_service,car_care,low
1997,my vehicle needs professional detailing,report_issue,car_care,medium
1998,i need car sanitization service,request_service,car_care,medium
1999,i need disinfecting inside my car,request_service,car_care,medium
2000,i need child seat cleaning,request_service,car_care,low
2001,i need pet hair removed from my car,request_service,car_care,medium
2002,i need someone to clean every part of my car,request_service,car_care,medium
2003,my car needs urgent detailing,report_issue,car_care,high
2004,please arrange a car wash immediately,request_service,car_care,high
2005,i need my car cleaned as soon as possible,request_service,car_care,high
2006,i need professional vehicle cleaning today,request_service,car_care,medium
2007,my car needs immediate attention,report_issue,car_care,high
2008,i need complete car cleaning service,request_service,car_care,medium
2009,i need my vehicle washed without delay,request_service,car_care,high
2010,i need laptop repair service,request_service,laptop_repair,medium
2011,please send a laptop technician,request_service,laptop_repair,medium
2012,i need someone to repair my laptop,request_service,laptop_repair,medium
2013,my laptop is not turning on,report_issue,laptop_repair,high
2014,my laptop stopped working,report_issue,laptop_repair,high
2015,my laptop will not start,report_issue,laptop_repair,high
2016,my laptop screen is black,report_issue,laptop_repair,high
2017,the laptop screen is cracked,report_issue,laptop_repair,medium
2018,my laptop display is broken,report_issue,laptop_repair,high
2019,the screen keeps flickering,report_issue,laptop_repair,medium
2020,there are lines on my laptop screen,report_issue,laptop_repair,medium
2021,the laptop has no display,report_issue,laptop_repair,high
2022,my laptop is frozen,report_issue,laptop_repair,medium
2023,my laptop keeps restarting,report_issue,laptop_repair,medium
2024,my laptop shuts down unexpectedly,report_issue,laptop_repair,medium
2025,my laptop is overheating,report_issue,laptop_repair,medium
2026,the laptop fan is making loud noises,report_issue,laptop_repair,low
2027,my laptop battery drains quickly,report_issue,laptop_repair,low
2028,the battery is not charging,report_issue,laptop_repair,medium
2029,my laptop charger is not working,report_issue,laptop_repair,medium
2030,the charging port is damaged,report_issue,laptop_repair,medium
2031,my laptop does not recognize the charger,report_issue,laptop_repair,medium
2032,my laptop has water damage,report_issue,laptop_repair,high
2033,i spilled water on my laptop,report_issue,laptop_repair,high
2034,my laptop fell and stopped working,report_issue,laptop_repair,high
2035,my keyboard is not working,report_issue,laptop_repair,medium
2036,some keys are not responding,report_issue,laptop_repair,low
2037,the touchpad is not working,report_issue,laptop_repair,medium
2038,my laptop speaker is not working,report_issue,laptop_repair,low
2039,the microphone is not working,report_issue,laptop_repair,low
2040,the webcam is not working,report_issue,laptop_repair,low
2041,my laptop cannot connect to wifi,report_issue,laptop_repair,medium
2042,bluetooth is not working on my laptop,report_issue,laptop_repair,low
2043,my laptop is running very slowly,report_issue,laptop_repair,low
2044,my laptop keeps freezing,report_issue,laptop_repair,medium
2045,windows will not boot,report_issue,laptop_repair,high
2046,my laptop is stuck on the startup screen,report_issue,laptop_repair,medium
2047,my operating system is corrupted,report_issue,laptop_repair,high
2048,i need windows installation on my laptop,request_service,laptop_repair,medium
2049,i need laptop software repair,request_service,laptop_repair,medium
2050,my laptop is infected with a virus,report_issue,laptop_repair,medium
2051,i need virus removal for my laptop,request_service,laptop_repair,medium
2052,my files disappeared from my laptop,report_issue,laptop_repair,high
2053,i need data recovery from my laptop,request_service,laptop_repair,high
2054,my hard drive is not detected,report_issue,laptop_repair,high
2055,my solid state drive is not working,report_issue,laptop_repair,high
2056,my laptop has a hard disk failure,report_issue,laptop_repair,high
2057,the laptop keeps showing error messages,report_issue,laptop_repair,medium
2058,i keep getting blue screen errors,report_issue,laptop_repair,high
2059,my laptop motherboard is faulty,report_issue,laptop_repair,high
2060,my laptop power button is not working,report_issue,laptop_repair,medium
2061,the laptop hinge is broken,report_issue,laptop_repair,medium
2062,the laptop casing is damaged,report_issue,laptop_repair,low
2063,my laptop has no sound,report_issue,laptop_repair,medium
2064,the headphone jack is not working,report_issue,laptop_repair,low
2065,the usb ports are not working,report_issue,laptop_repair,medium
2066,the hdmi port is not working,report_issue,laptop_repair,low
2067,my laptop cannot detect external devices,report_issue,laptop_repair,medium
2068,the screen brightness cannot be adjusted,report_issue,laptop_repair,low
2069,my laptop gets very hot while using it,report_issue,laptop_repair,medium
2070,the cooling fan stopped working,report_issue,laptop_repair,high
2071,i need laptop cleaning service,request_service,laptop_repair,low
2072,my laptop is full of dust,report_issue,laptop_repair,low
2073,i need thermal paste replacement,request_service,laptop_repair,low
2074,i want to upgrade my laptop memory,request_service,laptop_repair,low
2075,i need more ram installed,request_service,laptop_repair,low
2076,i want to upgrade my laptop storage,request_service,laptop_repair,low
2077,i need an ssd installed in my laptop,request_service,laptop_repair,low
2078,i need a new laptop battery installed,request_service,laptop_repair,medium
2079,i need a replacement keyboard,request_service,laptop_repair,medium
2080,i need laptop maintenance,request_service,laptop_repair,low
2081,i need complete laptop diagnostics,request_service,laptop_repair,low
2082,i need someone to inspect my laptop,request_service,laptop_repair,low
2083,my office laptop is not working,report_issue,laptop_repair,medium
2084,my work laptop stopped working,report_issue,laptop_repair,high
2085,my business laptop needs repair,report_issue,laptop_repair,medium
2086,i need urgent laptop repair,request_service,laptop_repair,high
2087,i need emergency laptop repair,request_service,laptop_repair,high
2088,my laptop stopped working after an update,report_issue,laptop_repair,medium
2089,my laptop cannot install updates,report_issue,laptop_repair,low
2090,my laptop has an electrical fault,report_issue,laptop_repair,high
2091,my laptop smells like it is burning,report_issue,laptop_repair,high
2092,my laptop battery is swollen,report_issue,laptop_repair,high
2093,the laptop keeps turning off while charging,report_issue,laptop_repair,high
2094,my laptop charger overheats,report_issue,laptop_repair,medium
2095,the display cable may be damaged,report_issue,laptop_repair,medium
2096,my laptop cannot connect to the internet,report_issue,laptop_repair,medium
2097,my laptop is completely dead,report_issue,laptop_repair,high
2098,my laptop needs immediate repair,report_issue,laptop_repair,high
2099,please repair my laptop today,report_issue,laptop_repair,medium
2100,i need same day laptop repair,request_service,laptop_repair,high
2101,i need professional laptop repair,request_service,laptop_repair,medium
2102,my gaming laptop is not working,report_issue,laptop_repair,medium
2103,my gaming laptop keeps crashing,report_issue,laptop_repair,high
2104,i cannot use my laptop anymore,report_issue,laptop_repair,high
2105,i need a laptop technician as soon as possible,request_service,laptop_repair,high
2106,please arrange laptop repair immediately,report_issue,laptop_repair,high
2107,i need immediate laptop repair assistance,request_service,laptop_repair,high
2108,my laptop problem needs to be fixed today,report_issue,laptop_repair,high
2109,my laptop needs urgent attention,report_issue,laptop_repair,high
2110,i need my laptop repaired without delay,request_service,laptop_repair,high
2111,i need wifi setup service,request_service,network_operator,medium
2112,please send a network technician,request_service,network_operator,medium
2113,i need someone to set up my wifi,request_service,network_operator,medium
2114,i need router installation,request_service,network_operator,medium
2115,i need a new router installed,request_service,network_operator,medium
2116,my wifi is not working,report_issue,network_operator,high
2117,my router is not working,report_issue,network_operator,high
2118,i cannot connect to the internet,report_issue,network_operator,high
2119,my internet connection keeps dropping,report_issue,network_operator,medium
2120,my wifi signal is very weak,report_issue,network_operator,medium
2121,my router stopped working,report_issue,network_operator,high
2122,i need modem installation,request_service,network_operator,medium
2123,i need modem configuration,request_service,network_operator,medium
2124,i need someone to configure my router,request_service,network_operator,medium
2125,i need a wireless network setup,request_service,network_operator,medium
2126,i need home wifi installation,request_service,network_operator,medium
2127,i need office wifi setup,request_service,network_operator,medium
2128,i need business network installation,request_service,network_operator,medium
2129,my router is not connecting to the internet,report_issue,network_operator,high
2130,my modem is not connecting,report_issue,network_operator,high
2131,i need a wifi extender installed,request_service,network_operator,medium
2132,i need someone to install a mesh wifi system,request_service,network_operator,medium
2133,i need better wifi coverage,request_service,network_operator,low
2134,my wifi does not reach every room,report_issue,network_operator,medium
2135,the internet is very slow,report_issue,network_operator,medium
2136,my wifi speed is very slow,report_issue,network_operator,medium
2137,i need network troubleshooting,request_service,network_operator,medium
2138,i need internet troubleshooting,request_service,network_operator,medium
2139,my router keeps restarting,report_issue,network_operator,medium
2140,the modem keeps disconnecting,report_issue,network_operator,medium
2141,i forgot my wifi password,report_issue,network_operator,low
2142,i need help changing my wifi password,request_service,network_operator,low
2143,i want to rename my wifi network,request_service,network_operator,low
2144,i need a secure wifi setup,request_service,network_operator,low
2145,i need a guest wifi network,request_service,network_operator,low
2146,i need parental controls configured,request_service,network_operator,low
2147,i need someone to optimize my wifi,request_service,network_operator,low
2148,i need router firmware updated,request_service,network_operator,low
2149,my router needs a software update,request_service,network_operator,low
2150,i need dual band wifi setup,request_service,network_operator,medium
2151,i need a new wireless access point,request_service,network_operator,medium
2152,i need multiple routers configured,request_service,network_operator,medium
2153,i need lan network setup,request_service,network_operator,medium
2154,i need ethernet cable installation,request_service,network_operator,medium
2155,i need home network installation,request_service,network_operator,medium
2156,i need office network maintenance,request_service,network_operator,medium
2157,i need network repair service,request_service,network_operator,medium
2158,my wifi stopped working after a power cut,report_issue,network_operator,medium
2159,my router was damaged by lightning,report_issue,network_operator,high
2160,my modem has stopped working,report_issue,network_operator,high
2161,i need emergency wifi repair,request_service,network_operator,high
2162,please fix my internet today,report_issue,network_operator,high
2163,i need urgent router repair,request_service,network_operator,high
2164,my business internet is down,report_issue,network_operator,high
2165,my office network is not working,report_issue,network_operator,high
2166,i cannot access the internet at home,report_issue,network_operator,high
2167,i need internet setup for my new house,request_service,network_operator,medium
2168,i need wifi installation for my apartment,request_service,network_operator,medium
2169,i need internet setup for my office,request_service,network_operator,medium
2170,i moved into a new house and need wifi,report_issue,network_operator,medium
2171,i need someone to install fiber internet equipment,request_service,network_operator,medium
2172,i need help connecting my devices to wifi,request_service,network_operator,low
2173,my smart tv will not connect to wifi,report_issue,network_operator,low
2174,my laptop cannot connect to wifi,report_issue,network_operator,medium
2175,my desktop cannot access the internet,report_issue,network_operator,medium
2176,my mobile phone cannot connect to wifi,report_issue,network_operator,low
2177,my printer cannot connect to the network,report_issue,network_operator,low
2178,i need help connecting security cameras to wifi,request_service,network_operator,medium
2179,i need wifi for my smart home devices,request_service,network_operator,low
2180,my wifi extender is not working,report_issue,network_operator,medium
2181,my mesh wifi system is offline,report_issue,network_operator,medium
2182,i need someone to configure port forwarding,request_service,network_operator,low
2183,i need static ip configuration,request_service,network_operator,low
2184,i need router security configuration,request_service,network_operator,low
2185,my wireless network is unstable,report_issue,network_operator,medium
2186,i keep losing internet connectivity,report_issue,network_operator,medium
2187,my internet disconnects every few minutes,report_issue,network_operator,medium
2188,i need a stronger wifi signal,request_service,network_operator,low
2189,i need network coverage throughout my house,request_service,network_operator,low
2190,i need wifi installation as soon as possible,request_service,network_operator,high
2191,i need immediate internet setup,request_service,network_operator,high
2192,i need same day router installation,request_service,network_operator,high
2193,please send a wifi technician immediately,request_service,network_operator,high
2194,my router has completely failed,report_issue,network_operator,high
2195,my modem has completely stopped working,report_issue,network_operator,high
2196,i need professional network installation,request_service,network_operator,medium
2197,i need professional wifi support,request_service,network_operator,medium
2198,i need internet service setup today,request_service,network_operator,medium
2199,i need someone to repair my wireless network,request_service,network_operator,medium
2200,my router has an electrical fault,report_issue,network_operator,high
2201,my network equipment needs repair,report_issue,network_operator,medium
2202,i need a technician to inspect my router,request_service,network_operator,low
2203,i need router maintenance,request_service,network_operator,low
2204,my home network needs immediate attention,report_issue,network_operator,high
2205,my office wifi needs urgent repair,report_issue,network_operator,high
2206,i need immediate network assistance,request_service,network_operator,high
2207,my wifi problem needs to be fixed today,report_issue,network_operator,high
2208,i need internet connectivity restored immediately,request_service,network_operator,high
2209,please arrange a router technician right away,request_service,network_operator,high
2210,my network setup needs professional assistance,report_issue,network_operator,medium
2211,i need my wifi working without delay,request_service,network_operator,high
2212,need a battery jump start service,request_service,battery_jump_start_service,high
2213,please send someone to jump start my car,request_service,battery_jump_start_service,high
2214,my car battery is dead,report_issue,battery_jump_start_service,high
2215,my car will not start because of the battery,report_issue,battery_jump_start_service,high
2216,i need roadside battery assistance,request_service,battery_jump_start_service,high
2217,my vehicle needs a jump start,request_service,battery_jump_start_service,high
2218,i need someone to start my car,request_service,battery_jump_start_service,high
2219,my battery has no power,report_issue,battery_jump_start_service,high
2220,the battery is completely dead,report_issue,battery_jump_start_service,high
2221,my car does not start,report_issue,battery_jump_start_service,high
2222,i need emergency battery service,request_service,battery_jump_start_service,high
2223,my car has been parked for too long and will not start,report_issue,battery_jump_start_service,medium
2224,i forgot my headlights on and now the battery is dead,report_issue,battery_jump_start_service,high
2225,my battery is discharged,report_issue,battery_jump_start_service,high
2226,i need a jump start immediately,request_service,battery_jump_start_service,high
2227,please send roadside assistance,request_service,battery_jump_start_service,high
2228,i need someone to jump start my vehicle,request_service,battery_jump_start_service,high
2229,my car engine will not crank,report_issue,battery_jump_start_service,high
2230,the starter will not turn over,report_issue,battery_jump_start_service,high
2231,i think my battery is dead,report_issue,battery_jump_start_service,high
2232,i need help with my car battery,request_service,battery_jump_start_service,high
2233,my battery failed this morning,report_issue,battery_jump_start_service,high
2234,i cannot start my car,report_issue,battery_jump_start_service,high
2235,my car battery died overnight,report_issue,battery_jump_start_service,high
2236,i need roadside vehicle assistance,request_service,battery_jump_start_service,high
2237,i need battery assistance today,request_service,battery_jump_start_service,high
2238,please send help for my battery,request_service,battery_jump_start_service,high
2239,my suv battery is dead,report_issue,battery_jump_start_service,high
2240,my van battery is dead,report_issue,battery_jump_start_service,high
2241,my truck battery is dead,report_issue,battery_jump_start_service,high
2242,my motorcycle battery is dead,report_issue,battery_jump_start_service,high
2243,my three wheeler battery is dead,report_issue,battery_jump_start_service,high
2244,my vehicle battery is not charging,report_issue,battery_jump_start_service,medium
2245,the battery warning light is on,report_issue,battery_jump_start_service,medium
2246,my battery keeps losing charge,report_issue,battery_jump_start_service,medium
2247,i need someone to inspect my battery,request_service,battery_jump_start_service,medium
2248,i think i need a new battery,request_service,battery_jump_start_service,medium
2249,i need a battery replacement,request_service,battery_jump_start_service,medium
2250,my battery terminals are corroded,report_issue,battery_jump_start_service,medium
2251,the battery cables are loose,report_issue,battery_jump_start_service,medium
2252,my vehicle has electrical issues because of the battery,report_issue,battery_jump_start_service,medium
2253,my battery has completely failed,report_issue,battery_jump_start_service,high
2254,i need a technician to test my battery,request_service,battery_jump_start_service,medium
2255,my car clicks but does not start,report_issue,battery_jump_start_service,high
2256,my ignition works but the engine will not start,report_issue,battery_jump_start_service,high
2257,i hear clicking sounds when i try to start the car,report_issue,battery_jump_start_service,high
2258,my battery went flat,report_issue,battery_jump_start_service,high
2259,i left my lights on and drained the battery,report_issue,battery_jump_start_service,high
2260,my battery is too weak to start the engine,report_issue,battery_jump_start_service,high
2261,i need a battery boost,request_service,battery_jump_start_service,high
2262,can someone jump start my car,report_issue,battery_jump_start_service,high
2263,i need immediate roadside assistance,request_service,battery_jump_start_service,high
2264,my vehicle is stranded because of a dead battery,report_issue,battery_jump_start_service,high
2265,i need urgent battery help,request_service,battery_jump_start_service,high
2266,please come and jump start my battery,report_issue,battery_jump_start_service,high
2267,i need roadside support as soon as possible,request_service,battery_jump_start_service,high
2268,my battery stopped working unexpectedly,report_issue,battery_jump_start_service,high
2269,i cannot drive because my battery is dead,report_issue,battery_jump_start_service,high
2270,my engine refuses to start,report_issue,battery_jump_start_service,high
2271,my battery died after the rain,report_issue,battery_jump_start_service,high
2272,my battery keeps going flat,report_issue,battery_jump_start_service,medium
2273,i need battery diagnostics,request_service,battery_jump_start_service,medium
2274,my alternator may have damaged the battery,report_issue,battery_jump_start_service,medium
2275,i think my battery needs charging,report_issue,battery_jump_start_service,medium
2276,i need mobile battery assistance,request_service,battery_jump_start_service,high
2277,i need someone to recharge my battery,request_service,battery_jump_start_service,medium
2278,my battery has no voltage,report_issue,battery_jump_start_service,high
2279,the battery indicator shows low charge,report_issue,battery_jump_start_service,medium
2280,my vehicle will not respond when i turn the key,report_issue,battery_jump_start_service,high
2281,i need help starting my vehicle,request_service,battery_jump_start_service,high
2282,i am stuck with a dead battery,report_issue,battery_jump_start_service,high
2283,i need battery assistance for my motorcycle,request_service,battery_jump_start_service,high
2284,i need battery assistance for my van,request_service,battery_jump_start_service,high
2285,i need battery assistance for my truck,request_service,battery_jump_start_service,high
2286,i need battery assistance for my suv,request_service,battery_jump_start_service,high
2287,my battery failed while i was shopping,report_issue,battery_jump_start_service,high
2288,my battery died at work,report_issue,battery_jump_start_service,high
2289,my vehicle is parked and will not start,report_issue,battery_jump_start_service,high
2290,i need someone to come to my location,request_service,battery_jump_start_service,high
2291,i need on site battery assistance,request_service,battery_jump_start_service,high
2292,my battery issue needs immediate attention,report_issue,battery_jump_start_service,high
2293,i need emergency roadside support,request_service,battery_jump_start_service,high
2294,i need same day battery service,request_service,battery_jump_start_service,high
2295,my battery is preventing the engine from starting,report_issue,battery_jump_start_service,high
2296,i think the battery is completely drained,report_issue,battery_jump_start_service,high
2297,i need someone to check why my battery keeps dying,request_service,battery_jump_start_service,medium
2298,i have a flat battery,report_issue,battery_jump_start_service,high
2299,my battery is too old to hold a charge,report_issue,battery_jump_start_service,medium
2300,my vehicle battery needs servicing,report_issue,battery_jump_start_service,medium
2301,my battery problem needs to be fixed today,report_issue,battery_jump_start_service,high
2302,my vehicle is stuck because of the battery,report_issue,battery_jump_start_service,high
2303,i need professional battery assistance,request_service,battery_jump_start_service,medium
2304,i need a technician for my dead battery,request_service,battery_jump_start_service,high
2305,my battery has stopped working today,report_issue,battery_jump_start_service,high
2306,i need immediate battery jump start assistance,request_service,battery_jump_start_service,high
2307,please arrange battery assistance immediately,report_issue,battery_jump_start_service,high
2308,i need a jump start without delay,request_service,battery_jump_start_service,high
2309,my car is stranded because of a flat battery,report_issue,battery_jump_start_service,high
2310,i need urgent roadside battery support,request_service,battery_jump_start_service,high
2311,i need someone to get my car running again,request_service,battery_jump_start_service,high
2312,my battery needs emergency attention,report_issue,battery_jump_start_service,high
2313,i need help with my dead car battery right now,request_service,battery_jump_start_service,high
2314,need an ambulance,emergency_request,ambulance_service,high
2315,please send an ambulance immediately,emergency_request,ambulance_service,high
2316,i need an ambulance right now,emergency_request,ambulance_service,high
2317,someone has collapsed,emergency_request,ambulance_service,high
2318,my father has collapsed,emergency_request,ambulance_service,high
2319,my mother is unconscious,emergency_request,ambulance_service,high
2320,my child is unconscious,emergency_request,ambulance_service,high
2321,someone is not breathing,emergency_request,ambulance_service,high
2322,my father is having chest pain,emergency_request,ambulance_service,high
2323,my mother is having chest pain,emergency_request,ambulance_service,high
2324,someone is having a heart attack,emergency_request,ambulance_service,high
2325,my grandfather cannot breathe,emergency_request,ambulance_service,high
2326,my grandmother cannot breathe,emergency_request,ambulance_service,high
2327,there has been a road accident,emergency_request,ambulance_service,high
2328,there has been a motorcycle accident,emergency_request,ambulance_service,high
2329,there has been a serious vehicle accident,emergency_request,ambulance_service,high
2330,someone is bleeding heavily,emergency_request,ambulance_service,high
2331,there is severe bleeding,emergency_request,ambulance_service,high
2332,my friend fainted,emergency_request,ambulance_service,high
2333,someone fainted at home,emergency_request,ambulance_service,high
2334,a person has lost consciousness,emergency_request,ambulance_service,high
2335,someone is having a seizure,emergency_request,ambulance_service,high
2336,my child is having a seizure,emergency_request,ambulance_service,high
2337,my father is having a stroke,emergency_request,ambulance_service,high
2338,my mother is showing signs of a stroke,emergency_request,ambulance_service,high
2339,someone has suffered a head injury,emergency_request,ambulance_service,high
2340,a person fell from a height,emergency_request,ambulance_service,high
2341,someone broke their leg,emergency_request,ambulance_service,high
2342,someone broke their arm,emergency_request,ambulance_service,high
2343,there is a serious injury,emergency_request,ambulance_service,high
2344,someone cannot move after falling,emergency_request,ambulance_service,high
2345,my child fell and is unconscious,emergency_request,ambulance_service,high
2346,an elderly person has fallen,emergency_request,ambulance_service,high
2347,my grandfather has fallen,emergency_request,ambulance_service,high
2348,my grandmother has collapsed,emergency_request,ambulance_service,high
2349,someone is choking,emergency_request,ambulance_service,high
2350,my child is choking,emergency_request,ambulance_service,high
2351,an elderly person is choking,emergency_request,ambulance_service,high
2352,someone swallowed poison,emergency_request,ambulance_service,high
2353,a child swallowed medicine,emergency_request,ambulance_service,high
2354,someone drank poison,emergency_request,ambulance_service,high
2355,someone is having an allergic reaction,emergency_request,ambulance_service,high
2356,my child is having an allergic reaction,emergency_request,ambulance_service,high
2357,someone cannot breathe because of an allergy,emergency_request,ambulance_service,high
2358,someone has severe burns,emergency_request,ambulance_service,high
2359,there was a fire accident,emergency_request,ambulance_service,high
2360,someone has electrical burns,emergency_request,ambulance_service,high
2361,someone has chemical burns,emergency_request,ambulance_service,high
2362,a person is badly injured,emergency_request,ambulance_service,high
2363,there is a workplace accident,emergency_request,ambulance_service,high
2364,someone has been injured at work,emergency_request,ambulance_service,high
2365,someone is trapped after an accident,emergency_request,ambulance_service,high
2366,i need emergency medical help,emergency_request,ambulance_service,high
2367,i need emergency transportation,emergency_request,ambulance_service,high
2368,we need an ambulance as soon as possible,emergency_request,ambulance_service,high
2369,send an ambulance to my location,emergency_request,ambulance_service,high
2370,please dispatch an ambulance,emergency_request,ambulance_service,high
2371,someone is vomiting blood,emergency_request,ambulance_service,high
2372,someone has severe stomach pain,emergency_request,ambulance_service,high
2373,someone has severe chest pain,emergency_request,ambulance_service,high
2374,someone cannot stand up,emergency_request,ambulance_service,high
2375,someone has difficulty breathing,emergency_request,ambulance_service,high
2376,someone stopped responding,emergency_request,ambulance_service,high
2377,someone has lost a lot of blood,emergency_request,ambulance_service,high
2378,my wife is in labor,emergency_request,ambulance_service,high
2379,my wife needs an ambulance,emergency_request,ambulance_service,high
2380,a pregnant woman needs emergency help,emergency_request,ambulance_service,high
2381,labor pains have started,emergency_request,ambulance_service,high
2382,the baby is coming,emergency_request,ambulance_service,high
2383,someone has collapsed in the street,emergency_request,ambulance_service,high
2384,someone was hit by a vehicle,emergency_request,ambulance_service,high
2385,there was a bicycle accident,emergency_request,ambulance_service,high
2386,someone has serious injuries after a crash,emergency_request,ambulance_service,high
2387,someone is trapped inside a vehicle,emergency_request,ambulance_service,high
2388,i need medical assistance immediately,emergency_request,ambulance_service,high
2389,someone cannot wake up,emergency_request,ambulance_service,high
2390,someone has a very high fever and is unconscious,emergency_request,ambulance_service,high
2391,my child is not responding,emergency_request,ambulance_service,high
2392,my father is not responding,emergency_request,ambulance_service,high
2393,my mother is not responding,emergency_request,ambulance_service,high
2394,an elderly person is unconscious,emergency_request,ambulance_service,high
2395,someone is having severe breathing problems,emergency_request,ambulance_service,high
2396,someone has severe chest discomfort,emergency_request,ambulance_service,high
2397,there is a medical emergency,emergency_request,ambulance_service,high
2398,someone has collapsed at work,emergency_request,ambulance_service,high
2399,someone collapsed at school,emergency_request,ambulance_service,high
2400,there has been an accident at home,emergency_request,ambulance_service,high
2401,someone needs immediate medical attention,emergency_request,ambulance_service,high
2402,a person is seriously injured,emergency_request,ambulance_service,high
2403,someone is crying in pain after an accident,emergency_request,ambulance_service,high
2404,my friend needs emergency medical transport,emergency_request,ambulance_service,high
2405,someone has severe head trauma,emergency_request,ambulance_service,high
2406,someone has lost consciousness after a fall,emergency_request,ambulance_service,high
2407,my child needs emergency medical care,emergency_request,ambulance_service,high
2408,my father needs emergency medical care,emergency_request,ambulance_service,high
2409,my mother needs emergency medical care,emergency_request,ambulance_service,high
2410,i need an ambulance without delay,emergency_request,ambulance_service,high
2411,someone needs emergency treatment,emergency_request,ambulance_service,high
2412,an ambulance is urgently needed,emergency_request,ambulance_service,high
2413,please send emergency medical services,emergency_request,ambulance_service,high
2414,we have a medical emergency at home,emergency_request,ambulance_service,high
2415,i need an ambulance for my husband,emergency_request,ambulance_service,high
2416,i need an ambulance for my wife,emergency_request,ambulance_service,high
2417,my brother has collapsed,emergency_request,ambulance_service,high
2418,my sister is unconscious,emergency_request,ambulance_service,high
2419,my uncle cannot breathe,emergency_request,ambulance_service,high
2420,my aunt is experiencing severe chest pain,emergency_request,ambulance_service,high
2421,my son has stopped breathing,emergency_request,ambulance_service,high
2422,my daughter has fainted,emergency_request,ambulance_service,high
2423,my baby is unconscious,emergency_request,ambulance_service,high
2424,my newborn needs emergency medical help,emergency_request,ambulance_service,high
2425,an infant is not responding,emergency_request,ambulance_service,high
2426,someone is having trouble breathing,emergency_request,ambulance_service,high
2427,someone is gasping for air,emergency_request,ambulance_service,high
2428,someone is experiencing severe dizziness,emergency_request,ambulance_service,high
2429,someone is shaking uncontrollably,emergency_request,ambulance_service,high
2430,someone is having convulsions,emergency_request,ambulance_service,high
2431,someone has collapsed after exercising,emergency_request,ambulance_service,high
2432,someone has collapsed while driving,emergency_request,ambulance_service,high
2433,someone was injured in a construction accident,emergency_request,ambulance_service,high
2434,someone was injured by heavy machinery,emergency_request,ambulance_service,high
2435,someone fell from the roof,emergency_request,ambulance_service,high
2436,someone fell down the stairs,emergency_request,ambulance_service,high
2437,someone slipped and hit their head,emergency_request,ambulance_service,high
2438,someone is unconscious after a collision,emergency_request,ambulance_service,high
2439,someone has multiple broken bones,emergency_request,ambulance_service,high
2440,someone has severe back pain after a fall,emergency_request,ambulance_service,high
2441,someone cannot feel their legs,emergency_request,ambulance_service,high
2442,someone cannot move their arms,emergency_request,ambulance_service,high
2443,someone has a deep cut,emergency_request,ambulance_service,high
2444,someone has a severe knife injury,emergency_request,ambulance_service,high
2445,someone has a serious hand injury,emergency_request,ambulance_service,high
2446,someone has a serious leg injury,emergency_request,ambulance_service,high
2447,someone has severe burns from hot water,emergency_request,ambulance_service,high
2448,someone has severe burns from fire,emergency_request,ambulance_service,high
2449,someone inhaled toxic smoke,emergency_request,ambulance_service,high
2450,someone is suffering from smoke inhalation,emergency_request,ambulance_service,high
2451,someone is trapped inside a burning building,emergency_request,ambulance_service,high
2452,someone has collapsed due to heat,emergency_request,ambulance_service,high
2453,someone has heat stroke,emergency_request,ambulance_service,high
2454,someone has severe dehydration,emergency_request,ambulance_service,high
2455,someone is unconscious from dehydration,emergency_request,ambulance_service,high
2456,someone has diabetic complications,emergency_request,ambulance_service,high
2457,someone has very low blood sugar,emergency_request,ambulance_service,high
2458,someone has extremely high blood sugar,emergency_request,ambulance_service,high
2459,someone accidentally overdosed on medication,emergency_request,ambulance_service,high
2460,someone consumed too much alcohol and is unconscious,emergency_request,ambulance_service,high
2461,someone has overdosed on drugs,emergency_request,ambulance_service,high
2462,someone cannot stop bleeding,emergency_request,ambulance_service,high
2463,someone is bleeding from the head,emergency_request,ambulance_service,high
2464,someone has severe facial injuries,emergency_request,ambulance_service,high
2465,someone has a broken jaw,emergency_request,ambulance_service,high
2466,someone has chest injuries,emergency_request,ambulance_service,high
2467,someone has abdominal injuries,emergency_request,ambulance_service,high
2468,someone has internal bleeding,emergency_request,ambulance_service,high
2469,someone has severe neck pain after an accident,emergency_request,ambulance_service,high
2470,someone cannot speak properly,emergency_request,ambulance_service,high
2471,someone suddenly lost their vision,emergency_request,ambulance_service,high
2472,someone suddenly lost their balance,emergency_request,ambulance_service,high
2473,someone cannot move one side of the body,emergency_request,ambulance_service,high
2474,someone has severe swelling after an insect bite,emergency_request,ambulance_service,high
2475,someone has difficulty swallowing,emergency_request,ambulance_service,high
2476,someone has collapsed after eating,emergency_request,ambulance_service,high
2477,someone was bitten by a snake,emergency_request,ambulance_service,high
2478,someone was bitten by a dog,emergency_request,ambulance_service,high
2479,someone was attacked by an animal,emergency_request,ambulance_service,high
2480,someone has severe food poisoning,emergency_request,ambulance_service,high
2481,someone is vomiting continuously,emergency_request,ambulance_service,high
2482,someone has severe diarrhea and is unconscious,emergency_request,ambulance_service,high
2483,someone has severe abdominal bleeding,emergency_request,ambulance_service,high
2484,someone is coughing up blood,emergency_request,ambulance_service,high
2485,someone has collapsed at a public place,emergency_request,ambulance_service,high
2486,someone collapsed at the bus station,emergency_request,ambulance_service,high
2487,someone collapsed at the railway station,emergency_request,ambulance_service,high
2488,someone collapsed in a shopping mall,emergency_request,ambulance_service,high
2489,someone collapsed in a restaurant,emergency_request,ambulance_service,high
2490,someone collapsed during a sports event,emergency_request,ambulance_service,high
2491,someone is seriously injured on the roadside,emergency_request,ambulance_service,high
2492,someone needs emergency transport to the hospital,emergency_request,ambulance_service,high
2493,someone needs urgent hospital admission,emergency_request,ambulance_service,high
2494,we need emergency medical transport now,emergency_request,ambulance_service,high
2495,an accident victim needs an ambulance,emergency_request,ambulance_service,high
2496,someone has a life threatening injury,emergency_request,ambulance_service,high
2497,someone has lost consciousness after a seizure,emergency_request,ambulance_service,high
2498,someone has severe breathing difficulty after an asthma attack,emergency_request,ambulance_service,high
2499,someone has collapsed because of asthma,emergency_request,ambulance_service,high
2500,someone is experiencing severe chest tightness,emergency_request,ambulance_service,high
2501,someone has collapsed from exhaustion,emergency_request,ambulance_service,high
2502,someone needs oxygen support,emergency_request,ambulance_service,high
2503,someone is struggling to breathe,emergency_request,ambulance_service,high
2504,someone is unconscious after an electric shock,emergency_request,ambulance_service,high
2505,someone was electrocuted,emergency_request,ambulance_service,high
2506,someone has fallen into a well,emergency_request,ambulance_service,high
2507,someone has nearly drowned,emergency_request,ambulance_service,high
2508,someone was rescued from the water and is unconscious,emergency_request,ambulance_service,high
2509,someone needs immediate emergency care,emergency_request,ambulance_service,high
2510,please send emergency responders,emergency_request,ambulance_service,high
2511,send medical help immediately,emergency_request,ambulance_service,high
2512,we urgently need an ambulance at our location,emergency_request,ambulance_service,high
2513,my family member needs emergency transportation,emergency_request,ambulance_service,high
2514,i need emergency ambulance assistance right away,emergency_request,ambulance_service,high
2515,someone's condition is getting worse quickly,emergency_request,ambulance_service,high
2516,i need an ambulance for an elderly patient,emergency_request,ambulance_service,high
2517,my grandfather needs to be taken to the hospital,emergency_request,ambulance_service,high
2518,my grandmother needs emergency transport,emergency_request,ambulance_service,high
2519,i need an ambulance for a sick child,emergency_request,ambulance_service,high
2520,my baby needs immediate medical attention,emergency_request,ambulance_service,high
2521,my child has a very high fever,emergency_request,ambulance_service,high
2522,my child is having trouble breathing,emergency_request,ambulance_service,high
2523,my elderly father cannot get out of bed,emergency_request,ambulance_service,medium
2524,my elderly mother needs medical transport,emergency_request,ambulance_service,medium
2525,i need non emergency ambulance transport,request_service,ambulance_service,medium
2526,i need an ambulance to transfer a patient,request_service,ambulance_service,medium
2527,i need patient transport to another hospital,request_service,ambulance_service,medium
2528,i need an ambulance for hospital discharge,request_service,ambulance_service,medium
2529,i need medical transport for a wheelchair patient,request_service,ambulance_service,medium
2530,i need an ambulance for a bedridden patient,request_service,ambulance_service,medium
2531,i need oxygen support during transport,emergency_request,ambulance_service,high
2532,the patient needs oxygen immediately,emergency_request,ambulance_service,high
2533,i need an ambulance with life support equipment,emergency_request,ambulance_service,high
2534,i need an intensive care ambulance,emergency_request,ambulance_service,high
2535,i need a critical care ambulance,emergency_request,ambulance_service,high
2536,the patient is experiencing severe pain,emergency_request,ambulance_service,high
2537,the patient is becoming unconscious,emergency_request,ambulance_service,high
2538,the patient is breathing very slowly,emergency_request,ambulance_service,high
2539,the patient has become unresponsive,emergency_request,ambulance_service,high
2540,someone collapsed during work,emergency_request,ambulance_service,high
2541,someone collapsed while walking,emergency_request,ambulance_service,high
2542,someone collapsed inside a store,emergency_request,ambulance_service,high
2543,someone was seriously injured at a construction site,emergency_request,ambulance_service,high
2544,someone was injured in a factory accident,emergency_request,ambulance_service,high
2545,someone was hit by falling debris,emergency_request,ambulance_service,high
2546,someone is trapped under heavy equipment,emergency_request,ambulance_service,high
2547,i need emergency medical transportation immediately,emergency_request,ambulance_service,high
2548,my family member is critically ill,emergency_request,ambulance_service,high
2549,my neighbor needs an ambulance,emergency_request,ambulance_service,high
2550,someone needs urgent hospital care,emergency_request,ambulance_service,high
2551,i need an ambulance for an accident victim,emergency_request,ambulance_service,high
2552,someone is in critical condition,emergency_request,ambulance_service,high
2553,the patient cannot stay conscious,emergency_request,ambulance_service,high
2554,the patient is having severe breathing difficulties,emergency_request,ambulance_service,high
2555,someone needs emergency oxygen support,emergency_request,ambulance_service,high
2556,the patient's condition is life threatening,emergency_request,ambulance_service,high
2557,i need emergency patient transport now,request_service,ambulance_service,high
2558,the patient requires immediate hospitalization,emergency_request,ambulance_service,high
2559,i need urgent medical evacuation,emergency_request,ambulance_service,high
2560,someone is seriously injured and cannot move,emergency_request,ambulance_service,high
2561,someone needs immediate trauma care,emergency_request,ambulance_service,high
2562,please send an ambulance without delay,emergency_request,ambulance_service,high
2563,emergency medical transport is needed immediately,emergency_request,ambulance_service,high
2564,we need an ambulance at this location right now,emergency_request,ambulance_service,high
2565,immediate ambulance assistance is required,emergency_request,ambulance_service,high
2566,i need hospital service,request_service,hospital_service,medium
2567,i need to visit a hospital,request_service,hospital_service,medium
2568,please arrange hospital service,report_issue,hospital_service,medium
2569,i need medical treatment,request_service,hospital_service,medium
2570,i need to see a doctor,request_service,hospital_service,medium
2571,i need a doctor appointment,request_service,hospital_service,medium
2572,i need to consult a physician,request_service,hospital_service,medium
2573,i need to visit a specialist,request_service,hospital_service,medium
2574,i need emergency hospital treatment,emergency_request,hospital_service,high
2575,i need immediate medical attention,request_service,hospital_service,high
2576,i need hospital admission,request_service,hospital_service,high
2577,i need to be admitted to the hospital,request_service,hospital_service,high
2578,i need an emergency room,emergency_request,hospital_service,high
2579,i need emergency care,emergency_request,hospital_service,high
2580,i need urgent medical treatment,emergency_request,hospital_service,high
2581,i need a medical checkup,request_service,hospital_service,low
2582,i need a full body checkup,request_service,hospital_service,low
2583,i need a routine health checkup,request_service,hospital_service,low
2584,i need a blood test,request_service,hospital_service,low
2585,i need a urine test,request_service,hospital_service,low
2586,i need a laboratory test,request_service,hospital_service,low
2587,i need a medical examination,request_service,hospital_service,low
2588,i need an x ray,request_service,hospital_service,medium
2589,i need an mri scan,request_service,hospital_service,medium
2590,i need a ct scan,request_service,hospital_service,medium
2591,i need an ultrasound scan,request_service,hospital_service,medium
2592,i need an ecg test,request_service,hospital_service,medium
2593,i need an eeg test,request_service,hospital_service,medium
2594,i need a heart checkup,request_service,hospital_service,medium
2595,i need a diabetes checkup,request_service,hospital_service,low
2596,i need a cholesterol test,request_service,hospital_service,low
2597,i need a blood pressure check,request_service,hospital_service,low
2598,i need treatment for chest pain,emergency_request,hospital_service,high
2599,i need treatment for severe stomach pain,request_service,hospital_service,high
2600,i need treatment for breathing difficulties,request_service,hospital_service,high
2601,i need treatment for a broken bone,emergency_request,hospital_service,high
2602,i need treatment for a deep cut,request_service,hospital_service,high
2603,i need treatment for burns,request_service,hospital_service,high
2604,i need treatment after an accident,emergency_request,hospital_service,high
2605,i need medical care for an injury,emergency_request,hospital_service,high
2606,i need surgery consultation,request_service,hospital_service,medium
2607,i need to meet a surgeon,request_service,hospital_service,medium
2608,i need orthopedic treatment,request_service,hospital_service,medium
2609,i need cardiology consultation,request_service,hospital_service,medium
2610,i need neurology consultation,request_service,hospital_service,medium
2611,i need pediatric consultation,request_service,hospital_service,medium
2612,i need gynecology consultation,request_service,hospital_service,medium
2613,i need maternity care,request_service,hospital_service,medium
2614,i need prenatal care,request_service,hospital_service,medium
2615,i need postnatal care,request_service,hospital_service,medium
2616,i need child medical treatment,request_service,hospital_service,medium
2617,my child needs hospital treatment,report_issue,hospital_service,high
2618,my elderly father needs hospital care,report_issue,hospital_service,medium
2619,my elderly mother needs medical treatment,report_issue,hospital_service,medium
2620,i need cancer treatment consultation,request_service,hospital_service,medium
2621,i need kidney treatment,request_service,hospital_service,medium
2622,i need dialysis services,request_service,hospital_service,high
2623,i need physiotherapy treatment,request_service,hospital_service,low
2624,i need rehabilitation services,request_service,hospital_service,low
2625,i need dental treatment at the hospital,request_service,hospital_service,medium
2626,i need eye treatment,request_service,hospital_service,medium
2627,i need an eye examination,request_service,hospital_service,low
2628,i need ear treatment,request_service,hospital_service,medium
2629,i need nose and throat treatment,request_service,hospital_service,medium
2630,i need skin treatment,request_service,hospital_service,low
2631,i need allergy treatment,emergency_request,hospital_service,medium
2632,i need vaccination services,request_service,hospital_service,low
2633,i need a flu vaccination,request_service,hospital_service,low
2634,i need a covid vaccination,request_service,hospital_service,low
2635,i need medical advice,request_service,hospital_service,low
2636,i need a second medical opinion,request_service,hospital_service,low
2637,i need follow up treatment,request_service,hospital_service,low
2638,i need a follow up appointment,request_service,hospital_service,low
2639,i need prescription renewal,request_service,hospital_service,low
2640,i need hospital consultation today,request_service,hospital_service,medium
2641,i need same day medical consultation,request_service,hospital_service,medium
2642,i need urgent consultation with a doctor,request_service,hospital_service,high
2643,i need specialist consultation immediately,request_service,hospital_service,high
2644,i need emergency surgery evaluation,emergency_request,hospital_service,high
2645,i need intensive care services,request_service,hospital_service,high
2646,i need critical care treatment,request_service,hospital_service,high
2647,i need oxygen therapy,request_service,hospital_service,high
2648,i need respiratory treatment,request_service,hospital_service,high
2649,i need treatment for severe fever,request_service,hospital_service,medium
2650,i need treatment for dehydration,emergency_request,hospital_service,medium
2651,i need treatment for food poisoning,emergency_request,hospital_service,high
2652,i need treatment for severe vomiting,request_service,hospital_service,high
2653,i need treatment for severe diarrhea,request_service,hospital_service,high
2654,i need hospital treatment for an infection,request_service,hospital_service,medium
2655,i need wound treatment,request_service,hospital_service,medium
2656,i need stitches for a cut,request_service,hospital_service,medium
2657,i need emergency stitches,emergency_request,hospital_service,high
2658,i need observation at the hospital,request_service,hospital_service,medium
2659,i need overnight hospital care,request_service,hospital_service,medium
2660,i need medical treatment as soon as possible,emergency_request,hospital_service,high
2661,i need hospital assistance immediately,emergency_request,hospital_service,high
2662,please arrange hospital admission today,report_issue,hospital_service,high
2663,i need professional medical care,request_service,hospital_service,medium
2664,i need hospital services without delay,emergency_request,hospital_service,high
2665,my condition requires hospital treatment,report_issue,hospital_service,high
2666,i need immediate hospital consultation,request_service,hospital_service,high
2667,i need treatment for severe back pain,request_service,hospital_service,medium
2668,i need treatment for severe neck pain,request_service,hospital_service,medium
2669,i need treatment for a head injury,emergency_request,hospital_service,high
2670,i need treatment for dizziness,emergency_request,hospital_service,medium
2671,i need treatment for fainting,request_service,hospital_service,high
2672,i need treatment for a seizure,emergency_request,hospital_service,high
2673,i need treatment for severe headaches,request_service,hospital_service,medium
2674,i need treatment for migraines,request_service,hospital_service,medium
2675,i need treatment for joint pain,request_service,hospital_service,low
2676,i need treatment for knee pain,request_service,hospital_service,low
2677,i need treatment for shoulder pain,request_service,hospital_service,low
2678,i need treatment for hip pain,request_service,hospital_service,low
2679,i need treatment for muscle pain,request_service,hospital_service,low
2680,i need treatment for a sprained ankle,request_service,hospital_service,medium
2681,i need treatment for a fractured arm,request_service,hospital_service,high
2682,i need treatment for a fractured leg,request_service,hospital_service,high
2683,i need treatment for a dislocated shoulder,request_service,hospital_service,high
2684,i need treatment for a sports injury,emergency_request,hospital_service,medium
2685,i need treatment for severe coughing,request_service,hospital_service,medium
2686,i need treatment for pneumonia,request_service,hospital_service,high
2687,i need treatment for asthma,request_service,hospital_service,high
2688,i need treatment for chest infection,request_service,hospital_service,medium
2689,i need treatment for a lung infection,request_service,hospital_service,medium
2690,i need treatment for severe allergies,emergency_request,hospital_service,medium
2691,i need treatment for a skin infection,request_service,hospital_service,medium
2692,i need treatment for a urinary infection,request_service,hospital_service,medium
2693,i need treatment for kidney stones,request_service,hospital_service,high
2694,i need treatment for liver problems,request_service,hospital_service,medium
2695,i need treatment for gallbladder pain,request_service,hospital_service,medium
2696,i need treatment for severe constipation,request_service,hospital_service,medium
2697,i need treatment for stomach ulcers,request_service,hospital_service,medium
2698,i need treatment for acid reflux,request_service,hospital_service,low
2699,i need treatment for severe abdominal pain,request_service,hospital_service,high
2700,i need treatment for appendicitis,request_service,hospital_service,high
2701,i need treatment for severe bleeding,emergency_request,hospital_service,high
2702,i need treatment for nose bleeding,emergency_request,hospital_service,medium
2703,i need treatment for an infected wound,request_service,hospital_service,medium
2704,i need treatment for an animal bite,request_service,hospital_service,high
2705,i need treatment for a snake bite,request_service,hospital_service,high
2706,i need treatment for an insect bite,request_service,hospital_service,medium
2707,i need treatment for heat exhaustion,request_service,hospital_service,medium
2708,i need treatment for heat stroke,emergency_request,hospital_service,high
2709,i need treatment for hypothermia,request_service,hospital_service,high
2710,i need treatment for dehydration caused by illness,emergency_request,hospital_service,medium
2711,i need treatment for severe weakness,request_service,hospital_service,medium
2712,i need treatment for sudden vision loss,request_service,hospital_service,high
2713,i need treatment for blurred vision,request_service,hospital_service,medium
2714,i need treatment for an eye injury,emergency_request,hospital_service,high
2715,i need treatment for ear pain,request_service,hospital_service,medium
2716,i need treatment for hearing loss,request_service,hospital_service,medium
2717,i need treatment for a throat infection,request_service,hospital_service,medium
2718,i need treatment for swollen tonsils,request_service,hospital_service,medium
2719,i need treatment for severe tooth pain,request_service,hospital_service,medium
2720,i need treatment for bleeding gums,emergency_request,hospital_service,low
2721,i need treatment for jaw pain,request_service,hospital_service,medium
2722,i need treatment for thyroid problems,request_service,hospital_service,medium
2723,i need treatment for hormonal problems,request_service,hospital_service,low
2724,i need treatment for anemia,request_service,hospital_service,medium
2725,i need treatment for low blood pressure,request_service,hospital_service,medium
2726,i need treatment for high blood pressure,request_service,hospital_service,medium
2727,i need treatment for irregular heartbeat,request_service,hospital_service,high
2728,i need treatment for heart palpitations,request_service,hospital_service,high
2729,i need treatment for severe anxiety,request_service,hospital_service,medium
2730,i need treatment for panic attacks,request_service,hospital_service,medium
2731,i need treatment for depression,request_service,hospital_service,low
2732,i need treatment for insomnia,request_service,hospital_service,low
2733,i need treatment for stress related illness,request_service,hospital_service,low
2734,i need psychiatric consultation,request_service,hospital_service,medium
2735,i need mental health services,request_service,hospital_service,medium
2736,i need counseling at the hospital,request_service,hospital_service,low
2737,i need nutritional consultation,request_service,hospital_service,low
2738,i need obesity treatment,request_service,hospital_service,low
2739,i need weight management consultation,request_service,hospital_service,low
2740,i need endocrinology consultation,request_service,hospital_service,medium
2741,i need gastroenterology consultation,request_service,hospital_service,medium
2742,i need pulmonology consultation,request_service,hospital_service,medium
2743,i need nephrology consultation,request_service,hospital_service,medium
2744,i need urology consultation,request_service,hospital_service,medium
2745,i need oncology consultation,request_service,hospital_service,medium
2746,i need hematology consultation,request_service,hospital_service,medium
2747,i need rheumatology consultation,request_service,hospital_service,medium
2748,i need infectious disease consultation,request_service,hospital_service,medium
2749,i need plastic surgery consultation,request_service,hospital_service,low
2750,i need medical clearance for surgery,request_service,hospital_service,medium
2751,i need pre surgery evaluation,request_service,hospital_service,medium
2752,i need post surgery follow up,request_service,hospital_service,medium
2753,i need stitches removed,request_service,hospital_service,low
2754,i need cast removal,request_service,hospital_service,low
2755,i need dressing change for my wound,request_service,hospital_service,low
2756,i need iv treatment,request_service,hospital_service,medium
2757,i need blood transfusion services,request_service,hospital_service,high
2758,i need emergency observation,emergency_request,hospital_service,high
2759,i need urgent specialist care,emergency_request,hospital_service,high
2760,i need immediate medical evaluation,request_service,hospital_service,high
2761,i need hospital treatment today,request_service,hospital_service,medium
2762,i need medical consultation without delay,request_service,hospital_service,high
2763,i need hospital care for a serious illness,request_service,hospital_service,high
2764,my symptoms are getting worse,report_issue,hospital_service,high
2765,i need a hospital specialist as soon as possible,emergency_request,hospital_service,high
2766,please arrange hospital treatment immediately,emergency_request,hospital_service,high
2767,i need urgent hospital consultation,request_service,hospital_service,high
2768,i need a medical certificate from the hospital,request_service,hospital_service,low
2769,i need a fitness certificate,request_service,hospital_service,low
2770,i need a medical fitness examination,request_service,hospital_service,low
2771,i need a health screening,request_service,hospital_service,low
2772,i need an annual medical checkup,request_service,hospital_service,low
2773,i need a pregnancy checkup,request_service,hospital_service,medium
2774,i need maternity consultation,request_service,hospital_service,medium
2775,i need labor and delivery services,request_service,hospital_service,high
2776,i need newborn medical care,request_service,hospital_service,medium
2777,i need neonatal care,request_service,hospital_service,high
2778,i need pediatric emergency care,emergency_request,hospital_service,high
2779,i need treatment for my baby,request_service,hospital_service,medium
2780,i need hospital care for my elderly father,request_service,hospital_service,medium
2781,i need hospital care for my elderly mother,request_service,hospital_service,medium
2782,i need geriatric medical services,request_service,hospital_service,medium
2783,i need palliative care services,request_service,hospital_service,medium
2784,i need hospice care consultation,request_service,hospital_service,medium
2785,i need rehabilitation after surgery,request_service,hospital_service,medium
2786,i need occupational therapy,request_service,hospital_service,low
2787,i need speech therapy,request_service,hospital_service,low
2788,i need respiratory therapy,request_service,hospital_service,medium
2789,i need pain management treatment,request_service,hospital_service,medium
2790,i need chronic disease management,request_service,hospital_service,low
2791,i need treatment for a recurring illness,request_service,hospital_service,medium
2792,i need infectious disease treatment,request_service,hospital_service,high
2793,i need isolation medical care,request_service,hospital_service,high
2794,i need emergency infectious disease treatment,emergency_request,hospital_service,high
2795,i need treatment for severe skin burns,request_service,hospital_service,high
2796,i need treatment for a chemical exposure,request_service,hospital_service,high
2797,i need treatment after inhaling toxic fumes,request_service,hospital_service,high
2798,i need emergency poisoning treatment,emergency_request,hospital_service,high
2799,i need treatment after an electric shock,emergency_request,hospital_service,high
2800,i need trauma care,request_service,hospital_service,high
2801,i need critical injury treatment,emergency_request,hospital_service,high
2802,i need observation after an accident,emergency_request,hospital_service,high
2803,i need emergency neurological care,emergency_request,hospital_service,high
2804,i need emergency cardiac care,emergency_request,hospital_service,high
2805,i need emergency orthopedic care,emergency_request,hospital_service,high
2806,i need immediate surgical evaluation,request_service,hospital_service,high
2807,i need emergency intensive care,emergency_request,hospital_service,high
2808,i need a hospital referral,request_service,hospital_service,low
2809,i need a specialist referral,request_service,hospital_service,low
2810,i need assistance registering at the hospital,request_service,hospital_service,low
2811,i need help booking a hospital consultation,request_service,hospital_service,low
2812,i need medical consultation for my symptoms,request_service,hospital_service,medium
2813,i need immediate consultation for severe pain,request_service,hospital_service,high
2814,i need hospital treatment for a medical emergency,emergency_request,hospital_service,high
2815,my illness requires hospital admission,report_issue,hospital_service,high
2816,my doctor advised me to go to the hospital,report_issue,hospital_service,medium
2817,i need hospital services as soon as possible,emergency_request,hospital_service,high
2818,i need nursing assistance,request_service,nursing_assistance,medium
2819,please send a nurse,request_service,nursing_assistance,medium
2820,i need a home nurse,request_service,nursing_assistance,medium
2821,i need first aid assistance,request_service,nursing_assistance,high
2822,i need medical assistance at home,request_service,nursing_assistance,medium
2823,i need a qualified nurse,request_service,nursing_assistance,medium
2824,i need home nursing care,request_service,nursing_assistance,medium
2825,i need patient care at home,request_service,nursing_assistance,medium
2826,i need elderly nursing care,request_service,nursing_assistance,medium
2827,i need someone to care for my elderly father,request_service,nursing_assistance,medium
2828,i need someone to care for my elderly mother,request_service,nursing_assistance,medium
2829,i need nursing care for my grandfather,request_service,nursing_assistance,medium
2830,i need nursing care for my grandmother,request_service,nursing_assistance,medium
2831,i need wound dressing,request_service,nursing_assistance,medium
2832,i need someone to change my wound dressing,request_service,nursing_assistance,medium
2833,i need dressing for my surgical wound,request_service,nursing_assistance,medium
2834,i need first aid for a cut,request_service,nursing_assistance,medium
2835,i need first aid for a burn,request_service,nursing_assistance,medium
2836,i need first aid for an injury,emergency_request,nursing_assistance,medium
2837,i need help stopping bleeding,emergency_request,nursing_assistance,high
2838,i need someone to clean and dress a wound,request_service,nursing_assistance,medium
2839,i need stitches checked,request_service,nursing_assistance,low
2840,i need dressing changed after surgery,request_service,nursing_assistance,medium
2841,i need post surgery nursing care,request_service,nursing_assistance,medium
2842,i need recovery care after surgery,request_service,nursing_assistance,medium
2843,i need injection service at home,request_service,nursing_assistance,medium
2844,i need someone to give an injection,request_service,nursing_assistance,medium
2845,i need insulin injection assistance,request_service,nursing_assistance,medium
2846,i need vaccination assistance at home,request_service,nursing_assistance,low
2847,i need iv therapy,request_service,nursing_assistance,medium
2848,i need intravenous treatment at home,request_service,nursing_assistance,medium
2849,i need iv fluids administered,request_service,nursing_assistance,medium
2850,i need blood pressure monitoring,request_service,nursing_assistance,low
2851,i need blood sugar monitoring,request_service,nursing_assistance,low
2852,i need temperature monitoring,request_service,nursing_assistance,low
2853,i need pulse monitoring,request_service,nursing_assistance,low
2854,i need oxygen level monitoring,request_service,nursing_assistance,medium
2855,i need medication administration,request_service,nursing_assistance,medium
2856,i need help taking my medication,request_service,nursing_assistance,low
2857,i need medicine management,request_service,nursing_assistance,low
2858,i need catheter care,request_service,nursing_assistance,medium
2859,i need catheter replacement,request_service,nursing_assistance,medium
2860,i need urinary catheter assistance,request_service,nursing_assistance,medium
2861,i need feeding tube care,request_service,nursing_assistance,medium
2862,i need assistance with tube feeding,request_service,nursing_assistance,medium
2863,i need patient hygiene assistance,request_service,nursing_assistance,low
2864,i need help bathing a patient,request_service,nursing_assistance,low
2865,i need bed bath assistance,request_service,nursing_assistance,low
2866,i need help changing a patient's clothes,request_service,nursing_assistance,low
2867,i need patient mobility assistance,request_service,nursing_assistance,low
2868,i need help moving a patient,request_service,nursing_assistance,medium
2869,i need assistance transferring a patient,request_service,nursing_assistance,medium
2870,i need help lifting a patient,request_service,nursing_assistance,medium
2871,i need bed sore care,request_service,nursing_assistance,medium
2872,i need pressure sore treatment,request_service,nursing_assistance,medium
2873,i need home care for a bedridden patient,request_service,nursing_assistance,medium
2874,i need nursing care for a disabled person,request_service,nursing_assistance,medium
2875,i need assistance caring for a stroke patient,emergency_request,nursing_assistance,medium
2876,i need nursing care for a cancer patient,request_service,nursing_assistance,medium
2877,i need palliative nursing care,request_service,nursing_assistance,medium
2878,i need end of life nursing care,request_service,nursing_assistance,medium
2879,i need respiratory care at home,request_service,nursing_assistance,medium
2880,i need oxygen therapy assistance,request_service,nursing_assistance,high
2881,i need nebulizer assistance,request_service,nursing_assistance,medium
2882,i need first aid for a sprained ankle,request_service,nursing_assistance,medium
2883,i need first aid for a broken arm,emergency_request,nursing_assistance,high
2884,i need first aid for a broken leg,emergency_request,nursing_assistance,high
2885,i need first aid after a fall,request_service,nursing_assistance,high
2886,i need someone to examine an injury,emergency_request,nursing_assistance,medium
2887,i need urgent nursing care,emergency_request,nursing_assistance,high
2888,i need immediate nursing assistance,request_service,nursing_assistance,high
2889,please send a nurse immediately,emergency_request,nursing_assistance,high
2890,i need emergency first aid,emergency_request,nursing_assistance,high
2891,someone needs first aid immediately,emergency_request,nursing_assistance,high
2892,i need medical support before going to the hospital,request_service,nursing_assistance,high
2893,i need first aid for severe bleeding,emergency_request,nursing_assistance,high
2894,i need assistance after a minor accident,emergency_request,nursing_assistance,medium
2895,i need care for an injured patient,emergency_request,nursing_assistance,medium
2896,i need nursing care today,request_service,nursing_assistance,medium
2897,i need same day nursing service,request_service,nursing_assistance,medium
2898,i need home recovery assistance,request_service,nursing_assistance,medium
2899,i need help with post hospital recovery,request_service,nursing_assistance,medium
2900,i need daily nursing care,request_service,nursing_assistance,low
2901,i need weekly nursing visits,request_service,nursing_assistance,low
2902,i need temporary nursing care,request_service,nursing_assistance,low
2903,i need long term nursing assistance,request_service,nursing_assistance,medium
2904,i need overnight nursing care,request_service,nursing_assistance,medium
2905,i need daytime nursing care,request_service,nursing_assistance,low
2906,i need 24 hour nursing care,request_service,nursing_assistance,high
2907,i need someone to monitor a patient,request_service,nursing_assistance,medium
2908,i need medical observation at home,request_service,nursing_assistance,medium
2909,i need assistance with patient rehabilitation,request_service,nursing_assistance,low
2910,i need a nurse for home visits,request_service,nursing_assistance,medium
2911,i need home healthcare services,request_service,nursing_assistance,medium
2912,my patient needs professional nursing care,report_issue,nursing_assistance,medium
2913,my family member needs nursing assistance,report_issue,nursing_assistance,medium
2914,i need nursing services as soon as possible,emergency_request,nursing_assistance,high
2915,i need immediate patient care,request_service,nursing_assistance,high
2916,please arrange nursing assistance today,report_issue,nursing_assistance,medium
2917,i need professional first aid assistance,request_service,nursing_assistance,medium
2918,i need home medical care without delay,emergency_request,nursing_assistance,high
2919,i need a nurse to check my blood pressure,request_service,nursing_assistance,low
2920,i need a nurse to monitor my blood sugar,emergency_request,nursing_assistance,low
2921,i need home care after surgery,request_service,nursing_assistance,medium
2922,i need post operative nursing care,request_service,nursing_assistance,medium
2923,i need someone to remove my stitches,request_service,nursing_assistance,medium
2924,i need assistance changing my bandages,request_service,nursing_assistance,medium
2925,i need wound cleaning at home,request_service,nursing_assistance,medium
2926,i need help treating a minor burn,request_service,nursing_assistance,medium
2927,i need first aid for a deep cut,request_service,nursing_assistance,high
2928,i need first aid for a head injury,emergency_request,nursing_assistance,high
2929,i need first aid for a hand injury,emergency_request,nursing_assistance,medium
2930,i need first aid for a foot injury,emergency_request,nursing_assistance,medium
2931,i need care for an infected wound,request_service,nursing_assistance,medium
2932,i need someone to check my surgical wound,request_service,nursing_assistance,medium
2933,i need assistance with wound healing,request_service,nursing_assistance,medium
2934,i need a nurse to administer medicine,request_service,nursing_assistance,medium
2935,i need someone to inject my prescribed medication,request_service,nursing_assistance,medium
2936,i need help giving medication to a patient,request_service,nursing_assistance,low
2937,i need nursing care for a recovering patient,request_service,nursing_assistance,medium
2938,i need a nurse for my elderly grandmother,request_service,nursing_assistance,medium
2939,i need a nurse for my elderly grandfather,request_service,nursing_assistance,medium
2940,i need home care for my sick parent,request_service,nursing_assistance,medium
2941,i need nursing assistance for my disabled father,request_service,nursing_assistance,medium
2942,i need nursing assistance for my disabled mother,request_service,nursing_assistance,medium
2943,i need help caring for a bedridden patient,request_service,nursing_assistance,medium
2944,i need assistance feeding a patient,request_service,nursing_assistance,low
2945,i need help with patient hygiene,request_service,nursing_assistance,low
2946,i need help turning a bedridden patient,request_service,nursing_assistance,medium
2947,i need help preventing bed sores,request_service,nursing_assistance,medium
2948,i need skin care for a bedridden patient,request_service,nursing_assistance,medium
2949,i need assistance with rehabilitation exercises,request_service,nursing_assistance,low
2950,i need physiotherapy support at home,request_service,nursing_assistance,low
2951,i need mobility assistance for an elderly person,request_service,nursing_assistance,low
2952,i need someone to help a patient walk,request_service,nursing_assistance,low
2953,i need assistance using a walker,request_service,nursing_assistance,low
2954,i need help transferring a patient to a wheelchair,request_service,nursing_assistance,medium
2955,i need wheelchair assistance at home,request_service,nursing_assistance,low
2956,i need oxygen support for a patient,request_service,nursing_assistance,high
2957,i need a nurse to manage oxygen therapy,request_service,nursing_assistance,high
2958,i need assistance using an oxygen cylinder,request_service,nursing_assistance,medium
2959,i need nebulizer treatment at home,request_service,nursing_assistance,medium
2960,i need breathing treatment assistance,request_service,nursing_assistance,medium
2961,i need suction care for a patient,request_service,nursing_assistance,high
2962,i need tracheostomy care,request_service,nursing_assistance,high
2963,i need colostomy care,request_service,nursing_assistance,medium
2964,i need stoma care assistance,request_service,nursing_assistance,medium
2965,i need urinary bag replacement,request_service,nursing_assistance,medium
2966,i need catheter maintenance,request_service,nursing_assistance,medium
2967,i need home nursing for dialysis recovery,request_service,nursing_assistance,medium
2968,i need assistance after chemotherapy,request_service,nursing_assistance,medium
2969,i need cancer patient home care,request_service,nursing_assistance,medium
2970,i need palliative care for a family member,request_service,nursing_assistance,medium
2971,i need hospice nursing at home,request_service,nursing_assistance,medium
2972,i need pain management support,request_service,nursing_assistance,medium
2973,i need fever monitoring at home,request_service,nursing_assistance,low
2974,i need recovery monitoring after illness,request_service,nursing_assistance,low
2975,i need daily health monitoring,request_service,nursing_assistance,low
2976,i need overnight patient observation,request_service,nursing_assistance,medium
2977,i need daytime patient monitoring,request_service,nursing_assistance,low
2978,i need someone to monitor my recovery,request_service,nursing_assistance,low
2979,i need home nursing after childbirth,request_service,nursing_assistance,medium
2980,i need nursing care for a newborn,request_service,nursing_assistance,medium
2981,i need baby care assistance,request_service,nursing_assistance,low
2982,i need postnatal home care,request_service,nursing_assistance,medium
2983,i need breastfeeding support from a nurse,request_service,nursing_assistance,low
2984,i need a nurse to examine my baby,request_service,nursing_assistance,medium
2985,i need medical care for my infant,request_service,nursing_assistance,medium
2986,i need first aid after a bicycle accident,emergency_request,nursing_assistance,high
2987,i need first aid after a workplace injury,emergency_request,nursing_assistance,high
2988,i need first aid after a sports injury,emergency_request,nursing_assistance,medium
2989,i need someone to examine a swollen ankle,request_service,nursing_assistance,medium
2990,i need someone to treat a bleeding wound,emergency_request,nursing_assistance,high
2991,i need first aid for a facial injury,emergency_request,nursing_assistance,high
2992,i need first aid for an eye injury,emergency_request,nursing_assistance,high
2993,i need treatment for a minor fracture,request_service,nursing_assistance,high
2994,i need immediate wound dressing,request_service,nursing_assistance,high
2995,i need emergency nursing support,emergency_request,nursing_assistance,high
2996,i need home medical support immediately,emergency_request,nursing_assistance,high
2997,my patient needs urgent nursing care,emergency_request,nursing_assistance,high
2998,please send a nurse as soon as possible,emergency_request,nursing_assistance,high
2999,i need same day home nursing,request_service,nursing_assistance,medium
3000,i need medical assistance for an elderly patient,request_service,nursing_assistance,medium
3001,i need professional patient care,request_service,nursing_assistance,medium
3002,i need a nurse for home treatment,request_service,nursing_assistance,medium
3003,i need someone to care for a recovering patient,request_service,nursing_assistance,medium
3004,i need help after being discharged from the hospital,request_service,nursing_assistance,medium
3005,i need nursing care following surgery,request_service,nursing_assistance,medium
3006,i need assistance managing chronic illness,request_service,nursing_assistance,low
3007,i need long term patient care,request_service,nursing_assistance,medium
3008,i need short term nursing assistance,request_service,nursing_assistance,low
3009,i need home healthcare for my father,request_service,nursing_assistance,medium
3010,i need home healthcare for my mother,request_service,nursing_assistance,medium
3011,i need someone to monitor an elderly patient,request_service,nursing_assistance,medium
3012,i need nursing care for a patient with limited mobility,request_service,nursing_assistance,medium
3013,i need immediate first aid for an injury,emergency_request,nursing_assistance,high
3014,please arrange home nursing services today,report_issue,nursing_assistance,medium
3015,i need a licensed nurse for home care,request_service,nursing_assistance,medium
3016,i need nursing assistance without delay,emergency_request,nursing_assistance,high
3017,my family member needs home medical support,report_issue,nursing_assistance,medium
3018,i need urgent first aid at home,emergency_request,nursing_assistance,high
3019,i need a nurse to check my recovery progress,request_service,nursing_assistance,low
3020,i need home nursing for an elderly couple,request_service,nursing_assistance,medium
3021,i need nursing support for a chronically ill patient,request_service,nursing_assistance,medium
3022,i need someone to monitor my vital signs,request_service,nursing_assistance,low
3023,i need assistance checking my oxygen saturation,request_service,nursing_assistance,medium
3024,i need home nursing after a fracture,request_service,nursing_assistance,medium
3025,i need a nurse to change my iv line,request_service,nursing_assistance,medium
3026,i need iv medication administration at home,request_service,nursing_assistance,medium
3027,i need a nurse to collect a blood sample,request_service,nursing_assistance,low
3028,i need home sample collection services,request_service,nursing_assistance,low
3029,i need assistance with post operative care,request_service,nursing_assistance,medium
3030,i need someone to monitor my surgical recovery,request_service,nursing_assistance,medium
3031,i need nursing care after orthopedic surgery,request_service,nursing_assistance,medium
3032,i need nursing care after heart surgery,request_service,nursing_assistance,high
3033,i need home care after a stroke,emergency_request,nursing_assistance,medium
3034,i need assistance caring for an alzheimer patient,request_service,nursing_assistance,medium
3035,i need dementia patient care at home,request_service,nursing_assistance,medium
3036,i need a nurse for a paralyzed patient,request_service,nursing_assistance,medium
3037,i need home care for a terminally ill patient,request_service,nursing_assistance,medium
3038,i need assistance managing medical equipment at home,request_service,nursing_assistance,medium
3039,i need someone to help with patient positioning,request_service,nursing_assistance,low
3040,i need pressure ulcer prevention care,request_service,nursing_assistance,medium
3041,i need assistance changing an adult diaper,request_service,nursing_assistance,low
3042,i need continence care for a patient,request_service,nursing_assistance,low
3043,i need assistance with personal hygiene for a patient,request_service,nursing_assistance,low
3044,i need a nurse to supervise medication schedules,request_service,nursing_assistance,low
3045,i need help organizing daily medication,request_service,nursing_assistance,low
3046,i need nutritional support for a recovering patient,request_service,nursing_assistance,low
3047,i need a nurse to assess my condition,request_service,nursing_assistance,medium
3048,i need regular nursing visits,request_service,nursing_assistance,low
3049,i need weekend nursing care,request_service,nursing_assistance,low
3050,i need holiday nursing assistance,request_service,nursing_assistance,low
3051,i need emergency wound care at home,emergency_request,nursing_assistance,high
3052,i need immediate burn care,request_service,nursing_assistance,high
3053,i need urgent care for a bleeding injury,emergency_request,nursing_assistance,high
3054,i need first aid for a severe fall,request_service,nursing_assistance,high
3055,i need first aid for a workplace accident,emergency_request,nursing_assistance,high
3056,i need emergency care for a sports injury,emergency_request,nursing_assistance,high
3057,i need urgent assistance for an injured child,emergency_request,nursing_assistance,high
3058,i need immediate care for an elderly patient,request_service,nursing_assistance,high
3059,i need a nurse to visit my home today,request_service,nursing_assistance,medium
3060,i need a healthcare assistant at home,request_service,nursing_assistance,medium
3061,i need a home caregiver immediately,emergency_request,nursing_assistance,high
3062,my patient needs continuous nursing supervision,report_issue,nursing_assistance,medium
3063,i need someone to care for my recovering spouse,request_service,nursing_assistance,medium
3064,i need professional nursing services today,request_service,nursing_assistance,medium
3065,i need home nursing assistance as soon as possible,emergency_request,nursing_assistance,high
3066,please arrange a nurse without delay,emergency_request,nursing_assistance,high
3067,i need immediate first aid assistance,request_service,nursing_assistance,high
3068,my family member needs professional nursing care today,report_issue,nursing_assistance,medium
